./scene_train/
9223372036854775807
0.5513191023535852
0.7019526912029799
0.9253342194729174
0.9521004767502612
0.4438964412024757
0.7257474901789611
0.6500520860921306
0.8681140911025969
0.6875409241158419
0.743415560254775
0.0
0.7680424939045629
0.7519971185380372
0.679144612275541
0.9873263481637866
0.9845898129366689
0.8828615542974781
0.5844245529342901
0.44740210539891345
0.8655870445344129
0.9582353191463496
0.8539602095675102
0.7699523975386044
0.7973193917829976
0.9717983376952057
0.9735431785975007
0.657826148767119
0.9469718922051579
0.970939870200954
0.8692368101663454
0.9499912183127451
0.8716423319871596
0.9617703881505767
0.14050055818536744
0.5513975722419164
0.8934729064039408
0.75496712697939
0.384004094709105
0.649606609589581
0.0
0.7922054597701149
0.972844592433734
0.9752008665147033
0.40366441339611614
0.0
0.9432475502661648
0.9512281530467643
0.9927117922520221
0.9582156891982242
0.9052580092932258
0.5669395100429583
0.7836103389128763
0.34956805807622504
0.6565037346646542
0.9438367666815942
0.8257314974182444
0.9323239021514883
0.9654262369675747
0.3432632796028022
0.41004707594523154
0.9231939013311213
0.7050883659243723
0.8657007511095938
0.9801063829787234
0.8903487460815047
0.9357905744501179
0.7658399951658024
0.9487376847290641
0.9263327859879584
0.9629973474801061
0.9931699210635646
0.5531829391817501
0.9530835201594249
0.9292435332362737
0.907083604424203
0.9519116817967392
0.5710785140697753
0.9305289570303131
0.8776760480718007
0.8771929824561403
0.9331496542358065
0.6459169051321251
0.6496031229668184
0.7638353736851518
0.8881488556013538
0.2062418158009603
0.9604291515211055
0.9412425628558634
0.9616160930847906
0.7604467746633505
0.9900473444534748
0.7350381299734748
0.993656430031163
0.7491246381378128
0.8830962141306969
0.46850191371224237
0.9859403357531761
0.924004152702392
0.9170547057298418
0.8525990939784043
0.7533404245400956
0.8352083008269621
0.9641973271737337
0.9363589682821819
0.9318042281012032
0.8243598278081037
0.9189560439560439
0.8102303546898665
0.575993458862674
0.8736496262358331
0.6953040573730229
0.29326949687275145
0.7879732269571554
0.5886764193660745
0.26891932024418413
0.9755240156004393
0.9373549097687028
0.9551830075745538
0.9343185550082101
0.665641503572538
0.8922759218181683
0.9617398050647022
0.8850969544526585
0.9934428115383509
0.5320208353123713
0.9039829302987198
0.9373081086836921
0.8454195291135863
0.9497798270675982
0.7846190756614103
0.6142567371776296
0.8407230696322
0.9646870676178325
0.47827749561911553
0.7028310882266258
0.777479175392061
0.4766367798033426
0.8471083243366913
0.5943220519369945
0.5755056326744167
0.31733479112375473
0.5628552038079233
0.9550599700149925
0.9916465296763383
0.0
0.7531296233071583
0.980462608741222
0.9228597613865113
0.9413104507654008
0.9442818341318577
0.987068039159015
0.0
0.8318764026832323
0.9069528024538054
0.9996284757421197
0.9735398849560215
0.9199537304800463
0.9013207941483804
0.0
0.6776269929551353
0.9694338839606631
0.9342276913491306
0.9204033931244583
0.7595777354041426
0.7619002133282389
0.07295062146346182
0.9790071996968549
0.8298333591824777
0.9315011297769918
0.9549386732210414
0.824061774967678
0.24907783488063662
0.749886648371316
0.9914083362359224
0.8870744916003537
0.8313918594500218
0.6248700585107962
0.0207205537016438
0.0
0.8431151282097357
0.595117170097122
0.6056273819726836
0.0
0.9446384066404153
0.0
0.9898684460586608
0.0
0.8594026042007459
0.9470524971432412
0.7968586729362591
0.9566320014595877
0.8069957386363636
0.8116125760649088
0.9157257879699937
0.741762885525563
0.9121302581099181
0.977335082905881
0.6331350775260426
0.9564488820451362
0.9444752855770258
0.9264104953760126
0.7933465549229096
0.8443349753694581
0.7727009094760743
0.5856365237014718
0.9642179508331958
0.9860544217687075
0.9489479635325653
0.6345569233978283
0.602254176827425
0.9117403651115619
0.924449203610415
0.7432251756066411
0.8628526645768025
0.17601528905876732
0.8173803621065284
0.8539459445015966
0.9547669034540278
0.9823643271919134
0.9788935202728306
0.5174515925600081
0.9178803599005003
0.9595299531963852
0.7803600750645086
0.3398805499211179
0.8834167387566935
0.9929961397747241
0.9905802014722975
0.0
0.9615095599899808
0.9081668165076419
0.7029270649960305
0.9583182740180711
0.944596646630813
0.7535353535353535
0.7491349480968859
0.0
0.8827024457695964
0.0
0.9772391984811166
0.8756092744006004
0.9269356122804399
0.7888755561169354
0.9511853448275862
0.7958036267465624
0.8442719347460187
0.8716881681083143
0.9708615777581295
0.8752179038068832
0.8805162267214062
0.9250851202549986
0.7298285944746925
0.39510320171885455
0.245859096313912
0.8728798368846765
0.5920144173394597
0.8498185117967332
0.9250904829854187
0.9423811903572024
0.8858477352125265
0.8623185305610223
0.9405587733477011
0.8289809550012228
0.8592824799721351
0.0
0.8830709173715029
0.40052406582369754
0.8864545194115131
0.04578583888928717
0.985032290555753
0.9286722692812202
0.8664445810447278
0.7961594960095709
0.28968574223526533
0.994539708367232
0.97708669029971
0.9675548589341693
0.9180797584440197
0.8988512888631794
0.1632247562927397
0.94102034916403
0.9479595341242536
0.9821043719211823
0.9188349007314525
0.9259369086955294
0.9393997445721584
0.8975637079085355
0.8311516968788333
0.8661547074067051
0.9278397465962466
0.8837709300397878
0.30721802827714156
0.8828707993952104
0.32050183563804735
0.9494195258260594
0.7140728824228859
0.9823214018616317
0.0
0.34072972316658573
0.8907944017346737
0.9945996389560322
0.41284389216014494
0.8992703433460498
0.6683952085260052
0.9160125588697017
0.9671148817873231
0.9054139549482833
0.9642040159281539
0.042672733314588075
0.29102115608862233
0.8805578170549151
0.8637249503009283
0.9396720096982759
0.7893212661581982
0.49745084000732614
0.975236429014859
0.9131757363505747
0.6470804022269215
0.8647378796905804
0.9555809493916105
0.8894172042816167
0.9555622188905547
0.0
0.9841544299620525
0.9508651223384765
0.8562529080287442
0.13399966683325004
0.9397158563575355
0.7013584117032393
0.9467234698128483
0.9611912225705329
0.9570360829771871
0.9914290690152759
0.9263266110048904
0.9766488115165718
0.9388504365605659
0.8405940219805142
0.9634848047899587
0.0
0.9732711123776955
0.9539224373597783
0.8361794670846395
0.923993521066292
0.9200409696142028
0.7144142575177058
0.47879600758131574
0.0
0.6125381186957541
0.9208492975734355
0.8610749674707237
0.8621202791461412
0.536768457876325
0.9550470219435737
0.9407999642102775
0.8912191077950303
0.958369398296803
0.3544576604103012
0.948447267594273
0.8755598126862495
0.883344713781723
0.9893545534924846
0.831272210376688
0.9295256025138775
0.9750977208910194
0.7675237383975249
0.7604591648556173
0.7933337598362229
0.928090340794515
0.7875582183543611
0.4539348319940325
0.9421517487574821
0.8838562963286904
0.9059173253130027
0.0
0.9806641573579408
0.5081274612294947
0.4812834935263845
0.7161897308069215
0.6229740754924324
0.33577064603012025
0.7531141459199803
0.8829167234564536
0.8821528088769468
0.5518904048852254
0.9637121708133275
0.8347430058555628
0.0
0.9833676668159427
0.686411992263056
0.999543555911747
0.3067789537574447
0.9388051772433111
0.8730669765152523
0.024203716901485664
0.9940029985007496
0.9774543378995434
0.0
0.0
0.5711370857259451
0.642327862954558
0.9874421555456038
0.9596598960793575
0.8131138149279791
0.6616704031884987
0.5785444313092126
0.9897339123096703
0.8496052593247166
0.7177961669219561
0.9731443767795002
0.6233251231527094
0.6466982380520266
0.9547481353367203
0.7635603831300223
0.9722205313936148
0.9462088283589298
0.8382780408223998
0.9490382359840488
0.9479154812032927
0.0
0.9879848691294032
0.7323049001814882
0.19662186498834144
0.8876453586072461
0.7456649641627632
0.8936719410857342
0.46642284918146987
0.41867429631434566
0.8888003353228368
0.9142141383520694
0.9673217936486302
0.9635700950403465
0.7986984448951995
0.5437402037617555
0.8118925186529542
0.9349752537402898
0.7815845648604269
0.861859459665362
0.6753873343911658
0.8554367816091955
0.2988094503732034
0.9535461985031825
0.5657954844336162
0.970449985136742
0.8937372771574856
0.8616893134855853
0.579028987236073
0.6778458886278216
0.7387411828540423
0.9754959085554176
0.8619596583787565
0.9705154662051214
0.9345542928677104
0.8690416480071652
0.9776904796546875
0.9400413123173977
0.7215101888583731
0.9879010954175619
0.5967704672254037
0.878106223876698
0.9784110452436083
0.6441465891872992
0.9755240156004393
0.7824760319689326
0.8605848712116767
0.8951232363444763
0.8117632673025189
0.5579923326089631
0.6505923283568944
0.9508115232956894
0.9939421030225628
0.9387138716580438
0.8602132971415167
0.9132706374085684
0.9770023790642347
0.6489166920964297
0.6396934865900383
0.8850675186882083
0.0
0.9797964654036618
0.679906814828966
0.7972573758014371
0.964558176032085
0.8750515801029266
0.8796995688322213
0.0
0.9288841389611393
0.9617119610339293
0.4434226327527517
0.4936839202627657
0.9199355462455688
0.791710205503309
0.9007930202114216
0.8887664872538003
0.8570913973212824
0.9581106597640764
0.0
0.8407306247866166
0.9063982841115328
0.9907060755336617
0.9823428950236515
0.8847128227163676
0.8760563896680049
0.9172827822795292
0.9153348515689554
0.1425799476499374
0.9637784000102285
0.9941822882999354
0.7358321144584864
0.9564376288514219
0.9654019465608517
0.8680086983535259
0.7269473684210527
0.834505972437007
0.8168008325552123
0.595223816663097
0.9038369905956113
0.9421702141424597
0.8719537827742346
0.9049722952813615
0.48199956625460855
0.6339059741938692
0.0
0.9184284476192978
0.8571254392090358
0.9735338345864661
0.9275158339197748
0.4295394532463498
0.4392616191904048
0.6378105496517988
0.2633840974249717
0.9323235578472446
0.543080459770115
0.9545695757845916
0.915134174683818
0.6482939942922914
0.0
0.9707493923289251
0.8632547979403963
0.9812985179957657
0.0
0.6867242262125466
0.9792564655172413
0.5889127248971521
0.6624967142208521
0.9714696223316913
0.9600961074084806
0.9833879020085917
0.9040626959247648
0.9602249115024308
0.6949450062861254
0.44578815894517265
0.9487362460291884
0.9761429792777755
0.839424584036653
0.968836589761306
0.9437695924764891
0.747281027207915
0.1713175310271499
0.9576656022031466
0.8019270747401419
0.911417421115697
0.9407159707570013
0.9572522829494343
0.9712775041050903
0.37199395432154053
0.946376784478081
0.8863381458059897
0.9558108937104481
0.46047186932849365
0.6566470375687262
0.8364711322499669
0.6932756863158634
0.028130092042101554
0.7683550569213001
0.9520936544530011
0.0
0.9962836763436463
0.9238134680176617
0.971334913557951
0.6923777477399748
0.9070789124668435
0.7464719413129973
0.5408244749805549
0.7827579771144663
0.9275396085740913
0.9790110952534413
0.8873762080897267
0.6209771545287586
0.4228834154351396
0.8437562364111882
0.9202369910989908
0.8576427512050426
0.8125290802874425
0.8936486028005676
0.8646627123755907
0.0
0.9031351311523725
0.5830398244191347
0.0
0.6619688856026827
0.0
0.9357102966458974
0.9527586674586211
0.930778865570921
0.0
0.408605887425828
0.8732831135149892
0.4226352253148584
0.8790064615187768
0.529868461204889
0.9282264526084634
0.28968367056141353
0.9457416644577781
0.9093722369584438
0.7752104540171181
0.8193854251325515
0.9646023566017555
0.9254828368128861
0.8290509332489718
0.6361831406465469
0.6165389527458492
0.8325044208664898
0.824792165361972
0.5982305816788576
0.3702945824385105
0.9221819238915268
0.7011775362318841
0.9937080389468874
0.9765534220118746
0.7822417315346413
0.9437023912286281
0.0
0.18896791718028996
0.9463370587433556
0.8012211325529895
0.0
0.760709207252044
0.8515546267270405
0.5031081398076472
0.9639324148155722
0.41597126643438437
0.0
0.8803971727686757
0.94001268596471
0.8941579210394802
0.9650711174093318
0.8838240697003097
0.9300417267749391
0.5641392159067182
0.8957947245699921
0.7386533152154051
0.8409458497768002
0.8891129032258065
0.9036294915605261
0.7542376519719767
0.9194038047082228
0.8204895700297999
0.7589237607758621
0.9984572930925841
0.6133859424517808
0.7910921852026521
0.9778212268436228
0.7301322457051045
0.46787436701229806
0.9400388538125304
0.8879643047258532
0.5984452471226976
0.0
0.9854953475643131
0.002140864654960447
0.42656327967014207
0.0
0.0
0.9570364154206082
0.9304259211246507
0.9375222829825803
0.9629586971991757
0.8196798624018642
0.3361978207767826
0.4527315745151071
0.9475421863536317
0.6002042082407072
0.9555314352508976
0.5075769782908036
0.020947578771261268
0.45696969696969697
0.9538218862138095
0.8598361106528075
0.0
0.5756174390938641
0.9281812417694971
0.9803372995809035
0.9229143739300563
0.0
0.9088929219600725
0.9400705329153605
0.33545970112182805
0.9233152776260127
0.9320438055858948
0.8100801146051494
0.9559432405009617
0.966031027207915
0.6703768368980066
0.855494647949924
0.9832590881592697
0.9612468071519795
0.0
0.9390523938918444
0.9635534211585227
0.9715929521754765
0.9251839597442658
0.09688830226035308
0.9511922291088815
0.8650928318754956
0.8960227951338532
0.8679493586540064
0.28020950243172466
0.0
0.9647523982369718
0.0
0.6830549011208681
0.0
0.9651290480520389
0.8797605431582022
0.22218000274426608
0.9775862068965517
0.965614193840287
0.7486669036615713
0.9378254750175933
0.9952663831183287
0.9542926483972091
0.9467864510967959
0.9733558155252542
0.7920901391409558
0.7654409491801877
0.0
0.9462425220138468
0.8392626091325922
0.9750060130559536
0.9018366217960538
0.9230700928084995
0.0
0.872904065208775
0.44276094276094274
0.7463313246289477
0.9958382877526754
0.7307822577739344
0.8958678713527851
0.7661790023463094
0.9537698618158388
0.8998701751052848
0.9000736811081639
0.9352983799048752
0.9121977160770264
0.9304397709570124
0.9806374988195812
0.6458776017396707
0.9505701469027155
0.8550190875524125
0.39309835373575347
0.9367212402202261
0.940474207340774
0.895320197044335
0.6229540565974323
0.5770489230174829
0.31344175601274993
0.9677685950413223
0.9216396903589021
0.940175836846467
0.8278330881315625
0.8262237607065194
0.0
0.36590038314176243
0.9715113146551724
0.9650975729173953
0.961522471334663
0.5238044892648016
0.0
0.827753734468798
0.964353820045837
0.8424935299476752
0.9205872311369068
0.8144190815390426
0.7109861996901236
0.9077828912751876
0.0
0.9277933273622929
0.8114498663781544
0.9192786173499207
0.946376811594203
0.9881501035766008
0.9693904930065088
0.8903655810983397
0.0
0.9434628531215442
0.8723723723723724
0.9995812658333857
0.7203965680977176
0.8052811854351452
0.9394946670808739
0.7693590141866004
0.9674030172413793
0.0
0.0
0.9454622671558507
0.4708059075875168
0.9824171353008704
0.3773844460748349
0.9228235003591954
0.38459724091908
0.9318560155658848
0.9605601401578413
0.9694464990861736
0.9168958004657802
0.12946833935044275
0.9540139414747565
0.0
0.28749232786519363
0.9383523307440379
0.6681810239384938
0.2829634961724276
0.9733169129720853
0.4043181675949684
0.577656763136289
0.8527981183153597
0.8729190308723123
0.756990167268038
0.939944394685774
0.8898789787798409
0.8942272085647767
0.8837525461952568
0.5803303095033336
0.9342156386595435
0.4869224478669756
0.8320528332325066
0.9596625663776299
0.7907073374545824
0.9542580175961402
0.0
0.9128806730655291
0.9099616858237548
0.9545633840595145
0.9131279076493385
0.974670373441285
0.49978426873951304
0.7013321462601677
0.9005029826416886
0.6411172445655204
0.9955424524390042
0.9430911455587191
0.9700479948704893
0.9783208611988166
0.9208492975734355
0.8980955393862702
0.9414823171628979
0.8778301581416154
0.8390918741225216
0.5908066901015512
0.9479785969084423
0.8904130352406214
0.6755712651789842
0.9459062102175236
0.7469658028128793
0.872932587760174
0.8768600196026018
0.9619234868781148
0.8101716460812775
0.0
0.6456589886874744
0.8481282446799688
0.9259541245033845
0.0
0.8956909515167228
0.966967690352208
0.9771694797762409
0.8820330274727902
0.9449223591164249
0.7799184491224109
0.8120178619229552
0.925306600466808
0.9148703764944032
0.9758597022696613
0.9600439592116168
0.3818080248936985
0.37264700982841914
0.9687764893364528
0.5779699839558665
0.848229857592112
0.9644937669215435
0.8355920946346191
0.7925132261455479
0.9636769216469933
0.8609266795173842
0.8716016509119957
0.9858488283604084
0.9410837438423645
0.5524563972839834
0.8372001945537582
0.9602021271370961
0.2852836879432624
0.36778610694652675
0.3328923900118906
0.0
0.0
0.8676136410586942
0.8018512867460075
0.1212960954882447
0.8200774914232345
0.946931143146914
0.9582791372292144
0.7870087133852428
0.8546192885130787
0.9854025950942055
0.8742772815399529
0.0
0.9713697687835618
0.9820513346180655
0.917265043948614
0.0
0.8001567398119123
0.0
0.967037407635468
0.9495801964246987
0.8946800468224162
0.0
0.9713703056305948
0.15889622435617634
0.8763736263736264
0.9278559699741966
0.6268788682581786
0.738490824580936
0.0
0.6996574767322421
0.722568715642179
0.9666225925381801
0.8109570348515581
0.9512256922646376
0.0
0.9235079575596817
0.9791301841242388
0.0
0.38306117374005305
0.9850961887477314
0.42947426630327445
0.4408075422000225
0.9702892743738213
0.929053919220945
0.9321906102342414
0.982012599469496
0.22276358819389824
0.8824360271085545
0.925856058294264
0.7306395821696995
0.51071761416589
0.9469980325152739
0.9540725326991677
0.7463487612989622
0.8953463997484541
0.8452901657051795
0.8392746506875283
0.4946072949702714
0.7874057538908228
0.9329488554648607
0.9854031630801141
0.8730336617405583
0.9367067900295218
0.9097682090519407
0.8103370419102934
0.9701808190784915
0.9723239379526538
0.9879438058748403
0.7544069560047563
0.9170382550660153
0.9553437826541274
0.3296267558798041
0.9002565288237108
0.8950385179750551
0.03900393048466071
0.7724600343506408
0.8912382636520567
0.7376034205119663
0.9518518518518518
0.9404531712781793
0.14786717008414837
0.32127889756005334
0.8721883077599956
0.9687082649151615
0.0
0.7491686373719042
0.9037728116965095
0.49825506487709365
0.9716832545826213
0.0
0.9695479183485181
0.9292435332362737
0.9833201130114705
0.9239961107808164
0.6719016729259133
0.9459108941104669
0.0
0.14657934190799338
0.9538734136435286
0.5135050637582517
0.9270840308001339
0.8273146057903945
0.13274087656000474
0.0
0.0
0.8883649084548635
0.9262658541418946
0.9648049906670596
0.9324291608774368
0.6518016651498297
0.4138985553095012
0.7115892447795096
0.9941453878554586
0.3983394169266638
0.9522810081887161
0.8938413064453492
0.7478257386480275
0.4974641602424283
0.8861341661675366
0.4504412309974045
0.8324704386312591
0.9595668454802717
0.0
0.1796931124281609
0.39013267961706477
0.688508809926974
0.9054214559386973
0.0
0.88564062428065
0.0
0.878163368599791
0.9742726293103449
0.8880090850907728
0.14785227132279413
0.8308873503469189
0.0
0.9337229002444938
0.7316912972085385
0.9221033918392686
0.9426698481116584
0.9562232841704771
0.9116479101748602
0.8500909477920973
0.6933514964216005
0.9526015150719922
0.9425185366500424
0.7232027112115264
0.9032747777054869
0.8782670007908453
0.720111942130501
0.35711039828922747
0.9403345807716297
0.9665509666668152
0.9867118226600985
0.6696811508957675
0.45722570532915363
0.584829447624366
0.9662965127605688
0.7930930868700266
0.9875615763546798
0.9371191222570533
0.9431933693017437
0.8100645432533226
0.7817364902454433
0.0
0.9279009304871374
0.9759085416860303
0.8190179839855353
0.6744947098316285
0.9216333938294011
0.812192118226601
0.8998754939641639
0.958220578910234
0.9649066375902957
0.972415794133979
0.9596954032445683
0.49362797364484595
0.2703897209644336
0.9415134785022515
0.9483287055274258
0.9587508360095681
0.8016088336634201
0.2773294203961849
0.8444447959506485
0.33263948690585
0.8173803621065284
0.9766488115165718
0.9959792830857299
0.05821375026772328
0.8421368750938479
0.0
0.8469207198653489
0.9596633271202236
0.9513833429536092
0.0
0.9488238852709868
0.8640151515151515
0.9346897379641512
0.702695002244209
0.95430388422602
0.48239204993396706
0.3246136882363827
0.7868395634115716
0.7574743335942176
0.8142118693973697
0.8917546328876378
0.9604019092723016
0.7949283090413556
0.9524500907441016
0.8429682217714672
0.9982051227907173
0.9412948892785246
0.885777706934925
0.9435052066443267
0.9773379457774548
0.9344883812461344
0.9738656987295826
0.7268043566683238
0.5934884499497823
0.9099793421261719
0.9384967390912694
0.931706822870616
0.2888316378209363
0.8505439793472248
0.9267500970645863
0.7912266009852217
0.9402749344251807
0.9489417861294072
0.9521632832777159
0.8880459770114942
0.7276563477469622
0.9231245226443382
0.8793157871821665
0.9096697158250494
0.7253213537733278
0.9347589554737195
0.5696771307742355
0.7016423900118907
0.9244027956815984
0.9642010431484116
0.0
0.8553819894563996
0.9879959573784536
0.7920440701308332
0.0
0.9566390506045679
0.9002857473838669
0.9809663557279111
0.9054843466424682
0.7482135601484411
0.9244658807403209
0.9708189358657062
0.9716695773265304
0.6676518883415435
0.0
0.866622097114708
0.7755841394913403
0.9002202023988006
0.5376517348802234
0.8684815734522264
0.9448674891098328
0.9286604546263874
0.8706946982809052
0.9564177883689015
0.8648944877406498
0.45316358518328964
0.9730347469943189
0.5205242009612102
0.9686162380577338
0.933563939033618
0.8873762080897267
0.9080083766963055
0.978913170340821
0.3914673098233492
0.84890722955354
0.8679885564719847
0.5510894278135657
0.9823384609300854
0.0
0.7258781409680888
0.3989137506718339
0.6620138003382259
0.8923748140001294
0.8266361854119669
0.8517816091954022
0.9429320141065831
0.9475299967571074
0.5120025021502854
0.8024606168603439
0.8426501189060642
0.9544440464294917
0.8696547389410261
0.8757623322051634
0.9657355454815696
0.9430612818590705
0.9333660124557732
0.9781475541299118
0.972447599729547
0.9036391528392951
0.3052869354154171
0.5162067269365809
0.4547081237877826
0.42578028724429207
0.21047384471029792
0.923041352886775
0.687732157011897
0.9330567798807363
0.7793020557029178
0.9335372636262514
0.7234785918690566
0.9217934652242815
0.0
0.8993460619271476
0.880626399634901
0.7340423311346748
0.9290308829101932
0.0
0.0
0.8495560369221162
0.6391374283703629
0.8305377269293687
0.9178350218829979
0.9482227373708104
0.2598366376584004
0.6924245725491095
0.9781959435794568
0.9472147802456332
0.0
0.3070513492377029
0.9452537942914847
0.8755557957698267
0.9885549001814882
0.8417864774983246
0.8261611829109995
0.8436140088505338
0.8861847994217293
0.8843233971153882
0.9320901219219612
0.8729993493819128
0.8676175548589342
0.9374848963658332
0.13643869195894073
0.9021381486386607
0.47187038933187136
0.8878973599137931
0.824535506219493
0.9739133128853363
0.9662831363223053
0.2796263067561242
0.18780287704529589
0.7936734618826385
0.7413221408085678
0.9914502797027637
0.9707521505771635
0.0
0.9255419716399753
0.9420007083293087
0.0
0.7812343828085957
0.3190311986863711
0.9239740062057257
0.9917766409159557
0.724090066013841
0.6628158714503927
0.9577070439139405
0.903550241008528
0.7349303078345885
0.0
0.973596979881221
0.8633152709359606
0.8519176837697989
0.4531289910600255
0.9812408936376882
0.7835359203664413
0.6956804665987817
0.8825868674857973
0.9864348167796444
0.5099429485003449
0.9516608492194393
0.7432707378828068
0.9784843052479876
0.8645614195554743
0.7967332123411979
0.8000857027626538
0.7970480668756531
0.9221276001675276
0.9057256919325885
0.9259710014273909
0.9557825216974994
0.9362560332387918
0.2563396536233231
0.9518666542739412
0.928831417624521
0.9266441966986432
0.7859802734928278
0.877497839183663
0.22982716517199275
0.9332348551293296
0.8739225358438688
0.9414045006717421
0.8582674808429118
0.9864413793103448
0.0
0.4822126730301856
0.3145374562999084
0.933695089603416
0.9842928463618119
0.8885932466292805
0.0
0.3254524001190962
0.8685198217217922
0.4104774535809019
0.9235312418978481
0.9919811946692954
0.8900642779953125
0.3687820983125459
0.9157819246465961
0.8919054512221232
0.8768314176245211
0.8708125378100423
0.0
0.8488325955684509
0.8174590326120195
0.7557751338755574
0.9489908801467811
0.9538972995732861
0.727804607114952
0.936890045543266
0.928906997730318
0.996551724137931
0.8889051927936741
0.9157258823879236
0.598579359515733
0.4776772030651341
0.9660319094184251
0.9939421030225628
0.955743168750106
0.6093617798338253
0.9319863698655506
0.4180381400208986
0.640719114127147
0.7763448741216437
0.9449525499855115
0.883216696640342
0.9111578158475687
0.9504946464194113
0.3505193651774337
0.46610806746159633
0.9609751575824991
0.20231519013593258
0.521376780080494
0.9346967687484928
0.896362258431224
0.9611131934032984
0.9617848428446467
0.8103448275862069
0.47630923980956513
0.787229026995936
0.9508574812738768
0.6863135521691758
0.49767138517565285
0.9943645032120532
0.9222170470423847
0.7896694163694015
0.9788793103448276
0.9156341098300812
0.8159809877844666
0.965033023649194
0.7117416427761255
0.9629620321034817
0.9637090811319486
0.9896618421930234
0.89369921266473
0.18444266238973536
0.4850758501475278
0.9055327975110189
0.9375169941910765
0.9681226053639846
0.0
0.9349384697699304
0.981601988974165
0.32642606435709887
0.949954345257278
0.0
0.9877549523110785
0.7361745712355535
0.9680355440433148
0.9282625306865662
0.5790495955725841
0.9761751141061485
0.9799629552693533
0.9678263546798029
0.9168028888781415
0.8188596119630602
0.0
0.9772933944420195
0.8930140193061364
0.729949259604432
0.8959317070436744
0.9344241830630216
0.705761464382154
0.9790091386662271
0.0
0.9820513346180655
0.8838381677647529
0.8951540472081781
0.913263520483348
0.9981309453032104
0.6963528329562688
0.9682696965693398
0.8141312184571017
0.9996702468437912
0.0
0.5560979739262938
0.9831598495964784
0.0
0.0
0.7057908257852641
0.9094925165530016
0.8995043258088726
0.0
0.9775419982316534
0.6138581652569941
0.8735
0.9623597979236188
0.969925414651165
0.9664520824003583
0.9323669214995133
0.9067837215412912
0.49354667418019466
0.9571120689655173
0.9363673196745546
0.8161629479377958
0.9978040940869771
0.5238092339531911
0.9706025774991293
0.9484257871064468
0.8724296628805913
0.4294479335360956
0.8681140911025969
0.8264594906194319
0.9292932919276957
0.9630050498616511
0.6362921798731361
0.889236181129708
0.9310300844475722
0.9677992526848472
0.9403957680250784
0.9697586469522284
0.9706375285376829
0.913259541345832
0.9369328493647913
0.2305898937323791
0.058511692429647245
0.0
0.9540659268067115
0.9351172750518241
0.9066965469047447
0.964364391786232
0.9724580017683466
0.8920446334766697
0.8019493698456542
0.0
0.0
0.47567335735117516
0.9602937823988265
0.9864250806093318
0.9040277381970172
0.909128793203864
0.0
0.7458512654304589
0.8925144865583737
0.9596942500107356
0.9374855824682814
0.9091789261273013
0.6888846403411197
0.37821315055905474
0.697771046908978
0.961238043662435
0.8838334520055606
0.8942338142153413
0.96341668347113
0.9854154160830609
0.9320344406551303
0.8970905172413793
0.0
0.7607645174425165
0.8009919114516816
0.18130723120487394
0.9528488535569132
0.984060639233053
0.8455336335268792
0.23750458547322084
0.9317281014665081
0.9455478927203065
0.9173620391513123
0.9623655913978495
0.7828577090764962
0.963657609486396
0.9867264902861571
0.5212673682143266
0.8613011189458815
0.9271679145136912
0.284991475554089
0.0963067761893701
0.5467299025259407
0.973560120209437
0.0
0.9055669657334342
0.34885445652573643
0.7909195402298851
0.8978028725629152
0.9711446360153256
0.0
0.9027848208248817
0.9938055670959701
0.9576772934287573
0.9856074355166914
0.9722692939244664
0.8148470154127482
0.0
0.9334852718502678
0.7328131327290285
0.9704655394310566
0.30200178779424114
0.9372373462391611
0.4816658572122389
0.46283581052485295
0.8224490824763057
0.39756239697630663
0.8591509136353709
0.44443973754318583
0.815153067030841
0.9709067273722446
0.9936118897073203
0.9914232344809092
0.9451907245841604
0.7079548803686735
0.47180189792586125
0.9196212717871451
0.7070709272418152
0.039710818718698956
0.9566203636627064
0.8000952794630722
0.16228991596638656
0.594344224492692
0.9088333084426559
0.3814759287023155
0.8815186346220829
0.23104507654007098
0.9197888644330318
0.8931073678846851
0.8920524148356661
0.8451171674436754
0.6044510577731772
0.9373549097687028
0.9978191541006625
0.9275474622239442
0.7999333666500084
0.8825936314139581
0.8921298029262835
0.9421391709393117
0.9406029375042564
0.0
0.11156632904669778
0.8776444358640618
0.0
0.7404008125247721
0.5875527426160337
0.22567495322106387
0.8329326848224795
0.9315671763175016
0.0
0.9468706468877539
0.9958614745633001
0.9879719462302747
0.9089305837277439
0.8744809170848488
0.9734073002817071
0.913103117743788
0.9343074960364646
0.8662342685430365
0.8207899845143841
0.5613059179869525
0.9850388700738916
0.9901765251316503
0.9908851552727891
0.0
0.0
0.2692321274078782
0.8801652522648333
0.4542348444778106
0.9197344643186428
0.0
0.9038182058396089
0.5016313083380467
0.9769660264804306
0.8794809047089358
0.49543959583630015
0.0
0.0
0.8326932464863499
0.9122574040002374
0.8823248752981999
0.8215594905250078
0.799065158978952
0.9769666964355388
0.987269592476489
0.964844536257217
0.5348903338325339
0.8306280514301781
0.9775353487221311
0.8922312498667179
0.8804464988007263
0.6346048815238224
0.8035139316100948
0.9820513346180655
0.6520583179392446
0.86577237696941
0.056361342610291305
0.6201476135317354
0.9634286640826475
0.854888019907572
0.0
0.9025415501708605
0.8558110741998357
0.8087946158499697
0.980462608741222
0.8614610494243108
0.8735777634751115
0.8139702625751345
0.3983534184464861
0.5847104894674483
0.7529425763308821
0.926874214714505
0.9473379449038678
0.906217693102939
0.9892196007259528
0.9027883423484336
0.6793711692322089
0.9653444638440274
0.9119216841422549
0.9289635354736425
0.051692732868538406
0.8317341525469605
0.8384735025226661
0.870590703270954
0.9694547504728648
0.0
0.950215204444222
0.9566626619973927
0.9753595729607724
0.7655470965815794
0.9597933826608963
0.984722978250065
0.8008033486569729
0.9635092159376613
0.957219907466578
0.8085137104078338
0.49537205081669694
0.9723690103000447
0.0
0.7572021980523176
0.8128586663958154
0.584091308937368
0.873532353050113
0.9051191498427906
0.9097197015527324
0.6842360012654224
0.8085593566852937
0.5195882827816861
0.9378207526733492
0.9446005837206789
0.9732727722160425
0.6343534793526092
0.8934120236502525
0.7229929266136162
0.862896022407728
0.2520778445728592
0.6867202246673726
0.9109511178476696
0.923691952892499
0.5593391584186204
0.7472409430958146
0.6194309501577495
0.8484418876355363
0.6898910430045349
0.9004225596392476
0.81982069431448
0.9157964539997208
0.7489851858051557
0.9825189415493274
0.7456482095490716
0.9131201696608822
0.6351202481916195
0.20473431131738343
0.9496007163349962
0.9665176541370216
0.9006111884841059
0.893167569108008
0.8220564087704048
0.8534879010954176
0.9423783435385111
0.879741159506937
0.7123000143763735
0.9762936123437691
0.918080043688563
0.0
0.9796188020809355
0.8621467461757842
0.8150610347313726
0.9592447171317311
0.9338552008288892
0.2799462337796619
0.9406449082178944
0.06373556188880922
0.9789247811829441
0.9932796916564407
0.9517779677654286
0.98660167217336
0.052574278898286704
0.7220217662661882
0.7368739272897488
0.955669570059261
0.09434525533460172
0.8864545194115131
0.86577237696941
0.9951059360916821
0.5679830121703854
0.9937728074131781
0.9062139179279138
0.7927735967090671
0.8800682076544145
0.6108140549978176
0.0
0.5926424942477261
0.8673394768133175
0.9096639229948864
0.0
0.9462985290571497
0.9245885610130672
0.9773339136883171
0.9919747333540437
0.9630264422843492
0.9026386300093197
0.9552451969952896
0.9636277751535192
0.9523154982365264
0.876287743884303
0.9703417944683513
0.7627866644526854
0.9887048144154846
0.9705424666223945
0.9357781227393296
0.93042416844675
0.970939870200954
0.8367829258337612
0.0
0.506020328896262
0.9368267682318959
0.6383458990474449
0.9910279969733001
0.8307515303650856
0.9527647091382078
0.8298986870201263
0.9284886343040434
0.9739651124410704
0.9397158814958718
0.9666650870625154
0.6100045042790652
0.9178516583235277
0.9628094308640828
0.27088122605363985
0.9624288865668176
0.9276595744680851
0.35501297555845784
0.9154075607856
0.8385052677997948
0.3550491456641474
0.35116429296502505
0.944664509850338
0.9541381539353142
0.9310447074461287
0.9562230603448276
0.0
0.14431768158473954
0.9640913092536795
0.9653109043855355
0.5720702866957326
0.9234372357635376
0.8063500429994175
0.5855062250411087
0.5275371629089302
0.9503826779104394
0.9723589203125136
0.0
0.49067975375608075
0.9954073805871312
0.9738254417852596
0.9639637645061899
0.9455017821101902
0.9200426722147622
0.9960689889509883
0.9398710807935415
0.5493560959078201
0.6145795523290986
0.0
0.8513734497882638
0.9484441452743017
0.0
0.9291127685895819
0.8571200510855683
0.9121568708802464
0.9548457350272233
0.9050938816306132
0.9346272027733278
0.9241954022988506
0.025396660398219636
0.9862663882902298
0.9568704284221525
0.37024882445141066
0.9942222766167936
0.7199556650246305
0.4833249983430441
0.9606832097969706
0.9421433598069769
0.5300295519853709
0.8557418538437204
0.7177239505247376
0.9912048024570711
0.9213058047778618
0.9120318872821653
0.48739811912225706
0.9552023919406117
0.8476565182163995
0.7790123075497629
0.0
0.7795798137653073
0.9246908902081316
0.9869184952978056
0.9023310293341571
0.9833050135492796
0.851500223914017
0.2728091687102748
0.9427040571975916
0.7966988727858293
0.9453245197942372
0.8806888711763861
0.8587004469079583
0.5439966763606149
0.6633193617695748
0.48308240246074147
0.08711225675857324
0.6906577423818803
0.9604838932861017
0.6638258350653814
0.8105476673427991
0.9406477820596233
0.586946012974821
0.2957042665108124
0.9715751333306192
0.0
0.9381717420510524
0.9499813650505574
0.7538279967159277
0.9316462458425959
0.7158959895570314
0.9449725705329154
0.0
0.8536144578313253
0.982708422574427
0.9607634795986696
0.1490217987315973
0.9694954502946547
0.976762152351989
0.9558114556716806
0.8068284246934284
0.0
0.4746619163904192
0.4901372278246867
0.4545122428191364
0.8203266787658802
0.9720598379331248
0.9400667183458031
0.4580463958982608
0.9749175053621515
0.33270676691729323
0.0
0.8758906616343569
0.9288370520622042
0.819988954471713
0.6780755547557413
0.9386958776250972
0.9035476856166511
0.8942777973258269
0.8925104939682235
0.8129279268080452
0.7734407346069675
0.7223974050339629
0.6325804933790414
0.8774110271067674
0.7587485421695013
0.9616843437286668
0.745734443515501
0.8308694934829236
0.9455709776139184
0.826584739545121
0.9881659059942258
0.8698117760617761
0.5961866643209007
0.6195091050442809
0.8690476190476191
0.9198859217008037
0.9457215836526182
0.04535128413601798
0.7160039349694522
0.9477832512315271
0.6442985893416928
0.947274168558354
0.0
0.8803893971381657
0.9886675764096643
0.718826192964124
0.9752866021957409
0.9762357113454292
0.40052671150425023
0.5358981448565523
0.7083363654319961
0.823213156230234
0.4752372439075042
0.8838000106264279
0.1278989756822269
0.8004147773208197
0.9925672799236017
0.9463230490018149
0.8716086401243822
0.648015122873346
0.5290363161179591
0.9478042228885557
0.9259719307969436
0.8799876847290641
0.0
0.9745618475166087
0.9088082274652147
0.8983230386637624
0.925514479075549
0.7772708517536103
0.9524394149674389
0.8925023985552232
0.3736993565899266
0.972514434027226
0.8700433079885239
0.537371525877273
0.8119954503842206
0.0
0.98193359375
0.7928751314551392
0.88564062428065
0.7630837893841985
0.6441746957403651
0.9687987044613287
0.8103706435552277
0.17254470262711613
0.7456367435871158
0.8957720416246504
0.820773418958537
0.7935734561868864
0.8880300091056653
0.3073408192256535
0.9124508469449486
0.9154140878278809
0.9200311302681993
0.8968166625906905
0.9190543791586293
0.3184180487014219
0.9772984475504184
0.5505474561735905
0.8689701149425287
0.924741965751818
0.29759567964530903
0.6350147697130456
0.3086456771614193
0.0
0.7868395634115716
0.0
0.9677790137189469
0.5562649709627945
0.5945686778412795
0.7875970536638277
0.9322133804892425
0.9047041294167731
0.0
0.7732024594804545
0.8307913800109291
0.9856488583561217
0.9376829715330189
0.9552153520940679
0.8465695670248734
0.8212868575398469
0.4586733716475096
0.9392415534656914
0.9452563686808634
0.9424836601307189
0.8502085590867933
0.6927963222532412
0.7605038500167393
0.8625845570037948
0.9940656238296892
0.9761979296549602
0.9841283524904214
0.9423869342542082
0.21280888607683926
0.6312001656829243
0.9420682287061597
0.5801080182800166
0.6272945616743867
0.8141109369557645
0.9132477128782548
0.8429673262606324
0.9966154165185449
0.7656257212759082
0.9379726255293406
0.7203965680977176
0.677707906952721
0.9363663156766605
0.9645570072106804
0.8628228988953799
0.9256797926283938
0.9538565391479642
0.8751532567049809
0.9790967348184315
0.929522226838388
0.8404488232074439
0.9146598953182127
0.0
0.8999261162511165
0.0
0.0
0.9169924812030075
0.9825927470569278
0.8042488189867331
0.8299703211201326
0.6933850047453337
0.9480477691699862
0.9644760293903681
0.0
0.940378156765376
0.9363637872926801
0.9645473208175894
0.9664889565879665
0.8755284316976127
0.8157326440448037
0.9303894037074663
0.9634248034961471
0.7183382794512873
0.8382663410191663
0.8988376959979394
0.9885599493209482
0.898576766207467
0.8367870055582537
0.9393352721229746
0.37004225160147197
0.6384447120701944
0.9984885803851321
0.9833690810097344
0.6366878942655467
0.11621092041498277
0.9848198185702001
0.5167213803608478
0.9397640829730907
0.7691766361717101
0.531806878215927
0.7116934017168631
0.956484384070591
0.2816012243531494
0.6700794723572325
0.9069893899204244
0.0
0.9939273471033907
0.840140902644235
0.9885549001814882
0.9463148920045472
0.7888491985137052
0.9820097800393367
0.9911949907399241
0.0
0.8947633466547011
0.9332953923471164
0.8407342247243725
0.8686717435327002
0.9485659039639059
0.6229885057471264
0.9424549193293261
0.9720410065237651
0.7590084475834372
0.9450524737631184
0.5405921281783351
0.693725473824831
0.8916759362254356
0.9598526095803773
0.3734223797192313
0.9311004574243491
0.616025838615865
0.9428471819762387
0.32573000733675717
0.0
0.8813529120607161
0.9958911946741561
0.44532019704433495
0.9962200717822907
0.9079630857648099
0.7845780693336137
0.9441707717569786
0.8447529141743239
0.0
0.39245530797254935
0.9666102588287514
0.9197496660564983
0.8034279047372125
0.9276099456645975
0.8817789328375029
0.941297880402796
0.8669302566761732
0.09187784900713229
0.3564100405325764
0.9544751813354354
0.9571827446600586
0.8832165498832165
0.9223110752655447
0.9495537551963884
0.8240516051849888
0.9627466081539929
0.9502644634876378
0.7325663224391601
0.8946908924010217
0.8690952615901906
0.7782438366097325
0.8921597096188748
0.808623830161422
0.7220170559881349
0.9626144181664587
0.9696442101529881
0.9928649620767848
0.8996468895767035
0.986949738173595
0.8922164809542221
0.4064412598895358
0.8533527935399389
0.0
0.9769641061283376
0.5856848659003832
0.8451683249284448
0.9587124840357599
0.7750840200727407
0.9166502463054187
0.5537998569839504
0.9626273510971787
0.8353176263809843
0.9706362514457745
0.9911015339031558
0.5560828496642768
0.9500933866206093
0.7283316694761305
0.8833038646122758
0.39823207819563106
0.9115632114602934
0.5611626447984585
0.9543560872624912
0.0
0.710036770381598
0.9621337827326938
0.9937728074131781
0.8472380110311145
0.9382609988109394
0.9904183953248888
0.9561775792265811
0.9815540359671964
0.8631029535447484
0.8735679214402619
0.7323049001814882
0.5096842105263157
0.9371766007030848
0.9731690920594749
0.9244541130688574
0.6505501361161524
0.9033441412444086
0.8236854601036798
0.9615635595931162
0.9758586053507899
0.9265825116003475
0.0
0.8305847076461769
0.9297308351013522
0.8614994874697572
0.9210595293569431
0.9415825771324864
0.5562216424682396
0.6271264367816092
0.9356575536532433
0.9810790951556185
0.6638415486134484
0.8999226914368013
0.0
0.7370638182222479
0.9312789771080846
0.9962621353030477
0.9463692648325065
0.8459240723727037
0.8681779480630055
0.7150258745086331
0.9542319749216301
0.9543277603622431
0.0
0.33937813883367424
0.9350501031535514
0.9471835085436427
0.901672925913281
0.0
0.32859614148969474
0.6888224921630094
0.0
0.9828187454605798
0.8093591404156179
0.8780295566502463
0.9680094203662695
0.9514611115494884
0.9290836741706292
0.9558495504722886
0.9053886066371203
0.8003644250671599
0.0
0.9343448696896973
0.0
0.8918185377269268
0.970762546331145
0.9247882892027494
0.0
0.0
0.935143445797317
0.6544308490915832
0.939731888441744
0.9379131985731273
0.961641615089891
0.9314064824998383
0.9177517937815572
0.37020909757887016
0.9759422614274258
0.9688618096966555
0.8733372871303906
0.9905045372050817
0.8176184728500541
0.6931248962196269
0.6284758919241678
0.35227906903625916
0.9668546395606594
0.9858974133534967
0.9811862467034881
0.9206568144499179
0.8335922129025577
0.9491272882077479
0.0
0.0
0.0
0.5554592822434283
0.9753071811574798
0.8382521289962306
0.9504938271604938
0.9784466300641202
0.0
0.912258653637964
0.5764451480866509
0.9922157465868005
0.9549774354537766
0.9404273919378339
0.8615159711347883
0.8576302274394717
0.6519405277118526
0.0
0.9645904735259145
0.9565590220762634
0.8250914315569488
0.8321661909511664
0.39952038739127754
0.7616395304203186
0.9208467962639264
0.0
0.9404649947753396
0.6808590834452903
0.9900473444534748
0.4325170747959354
0.992822966507177
0.1426650930839264
0.9683811651143774
0.931706822870616
0.9047569288948599
0.9669759433736669
0.7601599685594096
0.48319804874195205
0.7595727946350954
0.8162554569088144
0.7483360546853379
0.44787400972099967
0.9762574679590471
0.658715422508526
0.7932024513152554
0.9104836737430873
0.9889937384249052
0.6297417044557932
0.9423216937397936
0.9767183831315317
0.3881870945715261
0.0
0.8724049210386231
0.8790763910080358
0.925542704242372
0.9769666964355388
0.43964450764308566
0.980494469746259
0.926633457464816
0.8209752402129897
0.3955249422435184
0.6752938319572608
0.0
0.7505539045877367
0.8815360501567399
0.8161721627050552
0.9492128046086117
0.8925020792015866
0.9913404200155561
0.5995205060191797
0.5416689058068368
0.6783390649688633
0.9316710491279456
0.7609557356498402
0.9596520233034168
0.0
0.0
0.0
0.9671721059113301
0.9154288987263125
0.6942160087719298
0.7932944431408288
0.9411261036148593
0.6580927239729417
0.0
0.9709867855188052
0.9329238588037024
0.9335064002089865
0.7640090321391424
0.7556271004546866
0.8027063167112395
0.9469237520657237
0.9624535713991583
0.8539587349182551
0.6528825431034483
0.6161765027441891
0.9588446036721899
0.8476515167073997
0.9651229901315255
0.9794313369630974
0.8651377660452071
0.0
0.5655483069276173
0.9636513756696312
0.38624061618187305
0.6512577044810928
0.9379443043733768
0.9517361833532265
0.913991917958961
0.9859556152659601
0.8952947719688543
0.6850055874840357
0.8864345738295318
0.5959390814200252
0.8187102895783038
0.8938196995431265
0.6448709607460421
0.4434960737453056
0.8325737131434283
0.7440634796238245
0.8563629319150435
0.9012899460853054
0.6866205305651673
0.5734073532430214
0.8372312686249468
0.35637551753802343
0.8214927513066055
0.8950376962056606
0.527837560646399
0.6379626700411263
0.08731782434141781
0.2528472605802362
0.9589798216513985
0.9761708498380348
0.3889641852178691
0.0
0.7290452352256414
0.8949255387389261
0.9686764804732136
0.9803093386034573
0.9082727604716428
0.8853526591002193
0.9452699637023594
0.9495847944671731
0.9750168203144842
0.9488590150852477
0.9800131386499418
0.9897105920087886
0.9287639833929189
0.8410613988107499
0.30824086226782804
0.9614282220591832
0.8922583269308989
0.8650348461669216
0.9045193312434692
0.35066376721549136
0.8806600355015912
0.8414592703648176
0.9622413222385828
0.9402523503216229
0.9864576802507837
0.7868923719958203
0.0
0.9094701807345486
0.8151984931903796
0.9286445885967907
0.9106121913082919
0.841616794908331
0.7003237634576377
0.9495066345503719
0.940396421107628
0.35413766331120156
0.9880543544434212
0.8798213807704475
0.6711695698542481
0.934319713819872
0.7787500296418252
0.9946054283782478
0.7189942235813795
0.0
0.877035796272753
0.9564980693247126
0.40717310517673494
0.8466321618153007
0.7141717298867094
0.6902962501467256
0.9291270000261299
0.084893868330218
0.9519420433538845
0.9665349143610014
0.7812342554512753
0.9898175075782055
0.9664278663992104
0.5141480911697318
0.6320612980769231
0.8777531312316551
0.9619025504082975
0.9781437774048611
0.8296543016370602
0.9490882615473845
0.0
0.38689655172413795
0.9033852428624397
0.0
0.8491970781333176
0.2966010681527923
0.9193789982836637
0.8811128070210672
0.9638854296388543
0.9337413544310096
0.8825757575757576
0.8113008671867173
0.0
0.7445823754789272
0.40459289834006434
0.6197123450556252
0.8574063963932232
0.7904936691810345
0.9619544749250538
0.9420911071527418
0.9609113560308453
0.9002644984326019
0.49261863951065404
0.8940361177170035
0.0
0.9613014809209816
0.9675639774452397
0.939880271579101
0.8624538976617611
0.9185181940627019
0.9654488232074439
0.9446077901488127
0.8695402298850575
0.9965341488277268
0.9935659727120659
0.5235418608263436
0.7266775396085741
0.9689626736933897
0.6751856726972262
0.9961652976328738
0.04809246518567639
0.806018991851783
0.0
0.979214847030939
0.9072197735718607
0.9965981587660502
0.8815410998681361
0.7569588094712109
0.904848482355506
0.9937531760435572
0.9120135584381722
0.979451713550846
0.9722373354900375
0.9803857882675616
0.7034139823092569
0.9799548440065682
0.9392446633825944
0.9376288830321008
0.9759131889580817
0.8887600546705204
0.9013100581145308
0.9115738620253441
0.8930022871217452
0.0
0.8920277199762188
0.9876628805644487
0.0
0.9262575282384526
0.9985137865849684
0.9278327569085368
0.42191959228016784
0.979451713550846
0.8425648397959786
0.9197956577266923
0.8941471264367816
0.32845153246366565
0.5450905266321088
0.9727326695727394
0.45196046044774224
0.9171144732406654
0.7760752351097179
0.7207465978549187
0.9487361209544058
0.9166314248536109
0.0
0.23215418845434027
0.6950199180449497
0.73656029128293
0.9497144211399455
0.979315320694631
0.3036661614247821
0.38548204953121307
0.9204677724428925
0.6618346626275058
0.927636987957634
0.7999356561687053
0.9581972171808832
0.9826394406483394
0.9206568144499179
0.9577655915977321
0.8183049154035258
0.0
0.797382984920795
0.991399093039535
0.963290204669515
0.9423350221625819
0.8781075844653431
0.4149464922711058
0.9263654120652092
0.8491754122938531
0.9715463868616024
0.8964794500746832
0.8718694096601073
0.8279884595111937
0.6570842602892102
0.9330691955727103
0.6083345458072651
0.8923855503637547
0.5933993174577952
0.9594095326853948
0.8024061232396872
0.5415768678160919
0.5324337543706582
0.8669018855956637
0.4250343381768235
0.8734727425644162
0.974991943280696
0.9195612175652892
0.983826585591133
0.9299491473648273
0.8115922658825626
0.8734324625813649
0.7909715163985225
0.9936032768545083
0.9644421570309373
0.9030339375766662
0.9167772685915575
0.3455508292778602
0.9769992315364366
0.8237718300103893
0.9552447850149
0.7564440371176538
0.603614575690878
0.9319487983281086
0.9158507357312723
0.9484443995011292
0.9323746637319638
0.0
0.6762212443958727
0.9393350407024604
0.9761583287348494
0.8803982127126649
0.9635729010494752
0.8590090434061678
0.8540873374304117
0.9863590975273939
0.9722609439960871
0.9752798925212718
0.9870541193238054
0.8889431265287497
0.85882663005504
0.7281904143585662
0.7927446335604719
0.9930207040454734
0.682636557827281
0.7203965680977176
0.8099446573009791
0.980086433702546
0.9335817614843239
0.6973397875683991
0.8837281387107392
0.9026912489133585
0.9426367963964579
0.68932963588136
0.9797134244976973
0.8658970658970659
0.0
0.47238817268164296
0.7404438618897179
0.7474828584742378
0.9285976467709374
0.9043411330049261
0.5293477959330873
0.9409175129416424
0.6377539697904027
0.29082015383285803
0.9250466212321568
0.8679369797859691
0.9516501982926665
0.0
0.8721859790825308
0.9756500500364672
0.8086365338633941
0.5636272310998972
0.20751633986928106
0.7290813239996543
0.34898721967687485
0.8760029299075952
0.9806932471264368
0.953608781194988
0.9650211170853333
0.9827222924568058
0.2988904062820075
0.8703413444792755
0.9726377836722664
0.9176423416198878
0.8548007662835249
0.34374134285922575
0.43266729396136605
0.989441663097023
0.9142783004951498
0.9293750420111582
0.9394415401628632
0.8867361911749293
0.8792225705329154
0.9415575944688438
0.8830147525975878
0.8185699733414248
0.9995488634011453
0.8283706566257102
0.8387374408292327
0.9356228995715767
0.9716856920909533
0.7889125612632281
0.6978877092328621
0.7023096856913256
0.9601088013663427
0.9630485893416928
0.0
0.0
0.6783018696348029
0.8008275030407618
0.5241116684612759
0.7369044298625484
0.8383727093137177
0.6810644157088123
0.6166711608910402
0.9664755345643715
0.9499935837503896
0.3945831681860219
0.9975167568440604
0.40711425988450395
0.3526691464763245
0.6529379567919121
0.9460474308300395
0.9519919981012444
0.8935960591133005
0.08884965147948114
0.7180378435615303
0.9677522349936143
0.6146596033793498
0.8550557428052891
0.8977172765657987
0.9343237186438228
0.05365262574192356
0.8912362000817773
0.6970941380335702
0.27761927051987906
0.9088632369808383
0.9274117647058824
0.39517394749622964
0.8378501489995743
0.8750742571995211
0.8276026605568741
0.586642284918147
0.7882486753405277
0.7663929499449792
0.6631504140402917
0.6078276329949001
0.9092341469714581
0.7927108071308698
0.060001026272577994
0.9806928333068489
0.12203020504890245
0.9951861269034082
0.9658768242631651
0.5197418834442428
0.9742818680749715
0.9197962382445141
0.48628939118957265
0.9770676733969281
0.9113532377677004
0.8480745448793535
0.8473384666889856
0.8719944082013048
0.2550266889347349
0.9682531818381996
0.727993262527488
0.9774811165845648
0.06175304160785104
0.5156947139705761
0.9123951537744641
0.15753176043557168
0.1616619409128327
0.9703066929515561
0.9898471608261651
0.7999807179355336
0.8640717520027865
0.7550597250394411
0.9243783337089625
0.9180362740707568
0.8655808773813786
0.9124692039944939
0.5748610843093305
0.8519584867760295
0.9119852784790228
0.9721450962830274
0.37816080879494735
0.9465020736385055
0.988375219170076
0.8589523104609311
0.6179149368804541
0.9601602665205674
0.9716932578486875
0.9598908911919932
0.9929642285964125
0.7986573085138846
0.8189567697125562
0.6687456461163358
0.5356562373019098
0.9806585429089967
0.8588761174968071
0.9471081738177585
0.6961725322905558
0.9122402876607956
0.7964683673094132
0.4052561098091731
0.8837897727658938
0.0
0.9218503169346897
0.8608940272854227
0.8510371251156031
0.7394284820924842
0.0
0.9933373413603683
0.9839445356686736
0.0
0.6318174246210229
0.6561309239943905
0.762542445836721
0.9855987703822507
0.6993410622275069
0.9673139745916516
0.9953740316909796
0.9935511895215183
0.963287013209813
0.7225689909595129
0.9156741530550514
0.8422495635093845
0.4688569943751528
0.9247409576852991
0.5911749405469678
0.5731648380355276
0.8906496594962706
0.8648863636363636
0.9054154351395731
0.859497685848298
0.9516992854923889
0.9315673630150211
0.8566899175649968
0.9638111125855434
0.8115058632300012
0.9605950308593132
0.0
0.9418553163225771
0.7996384872080089
0.5944976381323156
0.9392935111391673
0.5166918375254015
0.7225815663596773
0.7929600417182713
0.09916645001087701
0.7951184046530951
0.8093424218123496
0.9073739175770017
0.9833414605828399
0.9268568297777625
0.9676850111267878
0.16617107030900136
0.7135312652554032
0.06909867672760563
0.974029083942877
0.9627892111541052
0.9524990313831848
0.9246105322557892
0.16913080973723066
0.9591255139844481
0.8421901374487581
0.9744556388219264
0.7883191361979687
0.9819435234305924
0.9764830228563879
0.9831293474175004
0.9549742073355758
0.6511796733212342
0.0
0.7925996417375728
0.9762357113454292
0.0
0.688125
0.8800108363326754
0.8732841957109523
0.9794313369630974
0.6281609195402299
0.5361327322887527
0.0
0.7667996358963376
0.9250174584300624
0.9554547401623863
0.7868975176277407
0.9613025915006597
0.0
0.6641782201682663
0.9588278101209136
0.4070058381984987
0.9877755794234031
0.835615763546798
0.9766201461806983
0.874231260438157
0.9545397171009553
0.9108418393542954
0.5950687636012832
0.9635484868325331
0.9247919143876338
0.5630522523498659
0.08511502136448923
0.8684419739521055
0.9302273131936614
0.9091687346809822
0.49173345759552656
0.0
0.9822989164821259
0.8303268786027407
0.7293928451862834
0.9111146800397878
0.8106324912410106
0.9873736401888341
0.7785188720518633
0.912299198283313
0.4901705397301349
0.6831255676324964
0.9129513071012086
0.2861865955163713
0.806890464741151
0.8135291206071605
0.0
0.9508115232956894
0.26841077530732704
0.7392079336271714
0.7997296562872332
0.4082598340469405
0.9082676598055842
0.9541379310344827
0.8499501131579588
0.8883890761386224
0.057468332160450386
0.9237470642598543
0.959337729254495
0.8216195943555845
0.9242859630790665
0.8748590420796486
0.9764520861699545
0.39260495686827973
0.0
0.8838131508330034
0.957052582306132
0.4818151383266884
0.9747676705229305
0.12968497232865048
0.8113658596233798
0.9348409769095346
0.7384434717625707
0.8824297290882582
0.954425912043978
0.8207778213166145
0.9907456813179484
0.9941453878554586
0.8345521116992524
0.0
0.7011431408407333
0.9957790012556746
0.9762624182414288
0.5781513373665573
0.9879624919683015
0.9384940896691614
0.9602444996420016
0.8051653764954257
0.9122574040002374
0.8113416975722665
0.9954408911696602
0.8612424673585537
0.926584426874198
0.9007968037047968
0.5359948368061959
0.8721705648997469
0.9338292019039024
0.941502722323049
0.8617372410475859
0.9329385812144433
0.6894894894894895
0.5354341386514558
0.9682693864335438
0.924840879793748
0.959693605209779
0.0
0.0
0.9561988236650906
0.9120489755122438
0.5824561539745835
0.9526044247529659
0.32925059747354046
0.11234643499559877
0.6794522978647898
0.9332369473570424
0.37196977835070005
0.9219986469309934
0.9070428167057759
0.9967696579844634
0.842769063924648
0.988983155481083
0.9619533035600639
0.7282171088162611
0.2042147672772404
0.5572505605876017
0.9073915751031738
0.11444609920953144
0.7622650213354861
0.928787758818639
0.9647941429023366
0.7623824451410658
0.6174608752336282
0.989690910590413
0.9701294631939349
0.542261427425822
0.9919908753007799
0.9141845770431062
0.7681136382163528
0.9908811645541595
0.2876556513409962
0.18521821464746555
0.9531979059974963
0.9671854662780253
0.8743303449118858
0.862588176316826
0.47546636517806673
0.9403183023872679
0.9655061250805932
0.0
0.5950980707223276
0.9873738487372152
0.20386571556522295
0.0
0.8719063891477684
0.7863452249123491
0.9331566464052853
0.49343589550222156
0.6909451516935009
0.8918464744236069
0.9362178181582039
0.9690119899618924
0.0
0.9539722057074911
0.874732393253545
0.5664620097565999
0.8489964449120794
0.9001930112637917
0.0
0.7825790546915421
0.9489793564756084
0.6105461904259754
0.8316986366629769
0.8215486398124731
0.9899356541824781
0.8116285607196402
0.23468054296511695
0.9530329996292176
0.5333347000697035
0.8756708094550856
0.8615692153923038
0.07864014701113393
0.8310222888050797
0.77508243286191
0.9246990891346779
0.8848386510767605
0.8137051372273048
0.881716768734277
0.8560504230643299
0.908580089860878
0.6579825091262442
0.8703444791435279
0.38796218109331526
0.773579586788884
0.8681632754280896
0.6461725844059828
0.6323235203692894
0.8902905766944114
0.752215815793402
0.9336457984599933
0.5333558823630923
0.9605212293810523
0.0
0.6409769003312658
0.997647375142838
0.9281056283293208
0.9775059161595673
0.8040660132502221
0.8381373415856175
0.8700433079885239
0.9490897717498703
0.8578053199835618
0.9268001684368128
0.0
0.8635852364831336
0.4887893929649236
0.0
0.9962382445141066
0.781135716545397
0.8827062501022863
0.28320119718534087
0.9771615703967698
0.9673775755546763
0.8122092064015839
0.9555583727743971
0.9816933638443935
0.910766536669481
0.9048749804961772
0.9463104894369437
0.8632017380797472
0.8770792015865907
0.9781714647263524
0.6283445683173451
0.607670366291056
0.6461988304093568
0.9850819271215456
0.9351756160754574
0.902333526790114
0.7332351742542759
0.49332386363636366
0.0
0.10866861069760803
0.8881930421001508
0.6558397464916251
0.49590935721459656
0.9514848559706661
0.9108168565524825
0.9507974271488507
0.8491889541590502
0.9595451642865436
0.816598552575564
0.6946902073172335
0.4815953879239416
0.6299971635803719
0.947902452517057
0.9288793103448276
0.0
0.9909853574590914
0.8737018552127445
0.9339941972920697
0.8270245559038663
0.9552120491478399
0.0
0.7665181799996923
0.12724524587858976
0.0
0.9521947223872926
0.9657981680416247
0.8331261801316248
0.8382754604060811
0.9570410701082207
0.9171898899035331
0.9610982323964068
0.8474544567338972
0.8714240894441116
0.8591035532462079
0.986584436826421
0.4508354070387487
0.0
0.0
0.9795185130344654
0.99778187581467
0.9493779426076435
0.8367049808429119
0.8408254376386883
0.855908248458095
0.8619595753673271
0.27269944909202204
0.9239221385475844
0.9914498017946294
0.8717221577890301
0.9823977823977824
0.01333975869208253
0.5183430873086046
0.6300277965592367
0.3586154636750834
0.8965269816658282
0.9823833897783252
0.9118716957310818
0.0
0.9761583287348494
0.9796234059205378
0.94697654716228
0.8151924872586968
0.0
0.0
0.9772533088294563
0.9276987509455545
0.947155763011478
0.9610464049889949
0.9780096276648
0.7262990275065876
0.9569695086936466
0.8288315953340584
0.9603904909503514
0.7317285587975243
0.5514494843378789
0.976190302906799
0.7136075949367089
0.9211520676443388
0.8983002602472349
0.9588278101209136
0.941222788772698
0.8731294729993494
0.8392029127481714
0.7185356090152012
0.5808185016402689
0.9181366047745358
0.9697759415223264
0.7650485649522015
0.4939755999193386
0.7378380595586426
0.6137716898762158
0.9286610680366248
0.7889153605015674
0.44316075696239576
0.9023811772226379
0.8434698097207268
0.949448145245559
0.9909844185050332
0.9530616509926855
0.9634795520242627
0.0
0.657130545767926
0.22554880673394231
0.4318556993263523
0.7293396126011068
0.987714416540453
0.7974123214937427
0.8754140821272149
0.5738378574043528
0.7344096215835523
0.9553270637408569
0.9877263996840726
0.9028144064827851
0.926737565796541
0.5656870877276139
0.26909306826178747
0.6545689655172414
0.9495502248875562
0.9745020747540654
0.8938824020686443
0.9531226769483898
0.8413355605934058
0.7060939705585804
0.5263855264018844
0.9309562240156517
0.830051490092058
0.8985088536812674
0.7334990085241173
0.8330597405736384
0.971072039737707
0.8343750893274005
0.32651626314502324
0.9264395413337749
0.4454014742987186
0.86527445460943
0.6687628554143981
0.8223568395982189
0.9515544608648057
0.9262355354309377
0.9308435124130725
0.8746706743715521
0.831337513061651
0.8888172736061876
0.3445728472536715
0.9801389714625446
0.9357826587256427
0.9410178203281652
0.9222941149219389
0.9461890594407787
0.9713324910820452
0.9154075607856
0.9411280590341662
0.780862815345574
0.8974096513857004
0.946507968276019
0.9539014131975383
0.9098647620162754
0.809029374201788
0.9280610659921005
0.8444020204430657
0.4841508589612908
0.0
0.5391034482758621
0.9845909535110987
0.34776611694152926
0.9639889320102838
0.9170382550660153
0.9500796476761619
0.08783065658951346
0.7845377842993397
0.3832583341760205
0.9902421341172731
0.933356790992259
0.5567324666987642
0.6957355355935477
0.9171881421152912
0.9704068900700026
0.9194648151037603
0.7230627570768501
0.0
0.9590126440978124
0.96689427563446
0.8656109770447339
0.8566191340420015
0.9652282176126636
0.9614166948028753
0.9631915244855748
0.9027251756525417
0.6288932146829811
0.7307847244601998
0.8563825706723946
0.3670481985897807
0.7802763831684855
0.9405525307521678
0.8536883863610812
0.9297948840872513
0.9393456112852665
0.9078406372218959
0.9260188087774295
0.94129277997024
0.6507869938904421
0.5853644031677752
0.8868132447537699
0.9216366876657824
0.5884910876160045
0.9734353124189785
0.9445483934169279
0.8219831248352034
0.182391161511693
0.8256073970220242
0.774974361236395
0.9775361411853057
0.8926573426573426
0.9227227944469324
0.5032332220986281
0.9487937940242162
0.0
0.9168967395387274
0.8678987249725245
0.9838411662019089
0.9157596075699524
0.9723239379526538
0.9802421648562992
0.9472187548759556
0.18798541360117715
0.9220079971495309
0.9889742967086338
0.8772080410011445
0.9293062429926987
0.8822093378089716
0.7651487061943124
0.7434197980277405
0.8958083892081737
0.0
0.9480362752231707
0.9478578892371996
0.8985321142804963
0.8097741099658711
0.8827453822088753
0.32001390609043306
0.787668996508005
0.8418398577549772
0.07228860817116195
0.9122494381512338
0.8660944312326595
0.887869387105755
0.8464893639258366
0.14666596120268782
0.9723002648991433
0.945935960591133
0.9193266542404473
0.44040659268067117
0.0
0.7724441002155172
0.9682380975606357
0.9603738046942915
0.8663668165917041
0.0
0.5753380422164451
0.9281664579126301
0.775473699147827
0.8666381095166702
0.8645749944061856
0.8040155474433385
0.13750261233019853
0.3876842742063871
0.812218099810854
0.94241810199257
0.216403411197627
0.5479909617840653
0.6444948339927548
0.27017184477068396
0.8632393775022601
0.679243170622481
0.9319506423258959
0.9432267070599067
0.6086006904972422
0.9654977375565611
0.3493457423537366
0.9643064263322884
0.0
0.8935511336327058
0.9555706981068289
0.8855370378895999
0.9755240156004393
0.8171216924370835
0.7574521037704266
0.804893459702897
0.98173018753781
0.9826011651708393
0.823794951839149
0.5998424545579866
0.9482415622427514
0.5097537945023431
0.11023373666651809
0.8456429177338725
0.8738346293205227
0.7344822579272292
0.7043762522408521
0.9800836908734573
0.935175028874861
0.2648978541032514
0.6211028033616155
0.8813196785066113
0.9123872336637189
0.9902547039570633
0.30323744377811096
0.9809087097788491
0.9285462382445141
0.786248702571791
0.8246845815373564
0.4942000938306357
0.442372311827957
0.8940485897402176
0.8637369533623993
0.34490377015303453
0.7908930150309461
0.8225365472603504
0.9544045325127262
0.765180097015011
0.9297646594051583
0.4215421455938697
0.9219949409226793
0.820253565211275
0.0
0.9741985182107741
0.8968731641893615
0.8867510689099894
0.9326341983647352
0.590807881773399
0.5761584616496783
0.8187556203359203
0.9793139480416532
0.9318081343943413
0.8723469136700869
0.7218057637847742
0.7188378330629748
0.0
0.8809838688610241
0.0
0.8146895451795634
0.7635230439319748
0.9390086520741376
0.35190710595779146
0.9873921667025115
0.5930497089117779
0.9721819432164259
0.752762139338494
0.927140264454239
0.9991485738612176
0.7565845648604269
0.7340423311346748
0.054455913490623106
0.9421155199480322
0.0
0.9677464703874038
0.8852452646915978
0.8659288537549407
0.8169466548776894
0.689928205679092
0.7774000930569198
0.9559114177336394
0.9531463082018313
0.5020225464190982
0.9456409142929519
0.8012545404786784
0.9430504059575452
0.9406167215331582
0.6910176964623426
0.8215380125492485
0.8517662743147657
0.6792720255215812
0.7488502501995755
0.6505350772889418
0.9521254497078556
0.957188342115652
0.9905802014722975
0.9669178016034
0.9814228021124572
0.810568103671552
0.8494408443878009
0.9444161055566891
0.9373565943438902
0.9548334900400148
0.9718052185036777
0.9393491986401166
0.948813725355562
0.9703235338852313
0.8683030160862674
0.9735642328879691
0.8291791604197901
0.0
0.6167338408717719
0.8884043765289367
0.9900473444534748
0.9564396948990942
0.8883751013630923
0.9006055008210181
0.8060638411444433
0.9369328493647913
0.8355926847572778
0.4952088312279504
0.21082879612825167
0.37460367474743494
0.9687621761153322
0.9536511156186612
0.8907528217873045
0.8111822660098522
0.8273283230179782
0.916693215892054
0.8880781831306569
0.9851833030852994
0.9068059733302333
0.9329238588037024
0.9175279261777561
0.6432763861230479
0.17518860844491843
0.008997687745048758
0.9446185997910136
0.5906822499114588
0.8985996924350861
0.8818417222932026
0.7596656217345873
0.9465128546837692
0.9699010258959642
0.5794052515026891
0.9805244563865253
0.8708566036858245
0.96085468237668
0.996719992196264
0.9394168600795756
0.8980541871921183
0.7624607507566972
0.9234057045551298
0.8295128136866147
0.9252033885654576
0.0
0.9436522729626178
0.9318868413102586
0.9329385812144433
0.9454649947753396
0.8722456953341511
0.9103984491008085
0.9887186036611324
0.9232568815438671
0.9969597997393056
0.9396801117281283
0.541501976284585
0.7928040576238949
0.9454864532019704
0.22327817531305905
0.46874956740818674
0.9441427027633924
0.7902315470373547
0.8003501276841785
0.942548328108673
0.838509038036942
0.7775274294670846
0.8737939176810651
0.0
0.9475490776948295
0.8359220188270376
0.8933273622928796
0.9273898282518972
0.7330786849480356
0.8092472920059127
0.8821905139384331
0.2049043447689919
0.8236733440142971
0.4232666629246419
0.8983932876046226
0.9064851851149741
0.8658116778484165
0.0
0.9810734188304577
0.5451307313376279
0.0
0.9229441419641057
0.9893628399033877
0.13424931001756318
0.9579957617345174
0.97772762256418
0.8773925871288955
0.45223359016462467
0.9822426048479689
0.8667441016333939
0.9092199130513307
0.8039980009995003
0.7822156291983878
0.8310934685223269
0.9534225424601133
0.9700247483913546
0.9733963663329626
0.9077744203499625
0.8723584605785192
0.8656979499940751
0.3531130432047062
0.9258061708807798
0.8251409151193634
0.9482323964068387
0.8322517656834233
0.40338938690047765
0.8261662071030972
0.7923034819586544
0.0
0.847099335214501
0.0
0.5521050285667977
0.0
0.6859394371948775
0.663148393751842
0.8960632884533003
0.8790731618317825
0.4881748519679554
0.9132428958489379
0.9254683334216148
0.44016227180527384
0.9472003764199771
0.9092297051083069
0.5551973848493791
0.9527630989699956
0.9564288705849504
0.8861789072995969
0.8206291591046582
0.9824554755589239
0.0
0.42858513759287864
0.9727623656843257
0.0
0.18863295624914816
0.3692101523573112
0.849303890835331
0.9033190613330997
0.9801811215604319
0.0
0.881995228800694
0.8824316290130797
0.9064851851149741
0.9620504220650956
0.9162062364831547
0.8521551724137931
0.9781620212760934
0.933508059071212
0.9910099809029654
0.3654616959194659
0.0
0.9036278061719609
0.8860254083484573
0.9372905046886238
0.9870925193141135
0.7489576691028597
0.0895528802967331
0.909033398268833
0.8980538140020898
0.0
0.9822486915024631
0.8896527622961191
0.9511408831850424
0.7561713444894304
0.7026470230493219
0.9538869618445215
0.949203468441218
0.9720043503294735
0.7543816744110214
0.9862832255747126
0.0
0.9050046405368745
0.912640712945591
0.9542017213704544
0.9383551750400504
0.8534524505301828
0.6046056145765327
0.9408966021375277
0.913928144258661
0.0
0.9542259367908341
0.38249472202674173
0.7840091400083091
0.8896432225732488
0.7994975190000628
0.6085435407685662
0.9762223365928976
0.7079547228986913
0.96488755200992
0.7900122103896505
0.8438692148798779
0.8722811671087534
0.8930730713074835
0.0
0.0
0.9478914599717685
0.9317563440501971
0.9450573807940579
0.8738482909819412
0.917930262820985
0.9334054095064679
0.979336240737798
0.980054263702762
0.8655277695204122
0.9163428206531655
0.0
0.9148745336012136
0.9583782327586207
0.9963740990296678
0.9239265271933148
0.8699098251077743
0.39090574540477374
0.8828806931120906
0.6573990147783251
0.7637540847680827
0.9573281283886359
0.0
0.7238126219908914
0.12786982354736218
0.9329529166189783
0.8156153931627097
0.3284983314794216
0.9155445004770342
0.9264708386547467
0.09012619072726634
0.7857765595357661
0.687684414497732
0.9148794862772696
0.7444890949109585
0.846917563258129
0.9258725500471648
0.9923999373190707
0.9509510731359984
0.947692206312896
0.768530690666397
0.8317010403026335
0.7633718652037618
0.2514154351395731
0.6597059150338901
0.8516752262166789
0.9347493862686761
0.846118978029813
0.922302892293133
0.9828717396043717
0.8264915161466886
0.0
0.0
0.05779701242496161
0.9452351002671712
0.9386569872958258
0.8999437781109445
0.9825008707767329
0.9162464732808656
0.9878319882611886
0.907732419927916
0.9759131889580817
0.98173018753781
0.9790110952534413
0.9398942006269593
0.8199130164647406
0.9694630582957062
0.6996520607620718
0.9480690689138189
0.9508663389824076
0.8154603253928592
0.9906553382576192
0.9834629032694965
0.6864725711572346
0.9865470096982759
0.9004617369698822
0.9846678223388305
0.9250847674492995
0.9558495504722886
0.0
0.9730468393340841
0.5632346141678631
0.7508895134731122
0.9909140667761357
0.7768812638015967
0.11792138574283811
0.8176184728500541
0.9146012931034483
0.9318067064658885
0.9145812409329316
0.6138700984436012
0.896819621265434
0.994566792234135
0.9897386569872958
0.6623077089274911
0.8487750717243074
0.9076639145216124
0.7192906072216417
0.9937569786535304
0.9537104942713234
0.48945948078592283
0.8897787665307131
0.7198934696028846
0.8524419503876584
0.8345825115055884
0.8134078565113048
0.8423559199421269
0.9226426609703997
0.9322291692981348
0.9262861716071789
0.6512763098969996
0.9515286946300928
0.9529557465557191
0.9674738102646789
0.9312880324543611
0.0
0.9019192400727439
0.7748604269293925
0.9258429867097702
0.939808095952024
0.9779247521987994
0.06494734354072013
0.30061339249743235
0.7120879120879121
0.7423796013385712
0.7613335835793138
0.8669022631541372
0.5922431941923775
0.9560741698443611
0.8894474186963818
0.90157824933687
0.0
0.7604388714733542
0.41285557486508734
0.9528746542722943
0.8480320194505365
0.959579487760225
0.6443852793404046
0.8780555457715473
0.8310605545353555
0.8365036184314179
0.9414584799437016
0.9107454995346304
0.9599803024297674
0.954801414972247
0.8594206604324957
0.9058540497193264
0.8136687229366162
0.9630485893416928
0.6282300224047797
0.9788299317919805
0.7945796221658291
0.8977477731892316
0.9593667521033625
0.9706614855650507
0.8544887905901277
0.6335401620723562
0.9630050498616511
0.9927650254212494
0.9604054984062591
0.920910502263136
0.9596634815122559
0.9805244563865253
0.7538158090891368
0.6347551360232899
0.8985996924350861
0.6328925908667288
0.8937759843482515
0.4964632628500307
0.7393008650314018
0.9847560129830499
0.913737842617153
0.9684360944527736
0.8272910190607002
0.9276099456645975
0.993535390199637
0.9862439385775862
0.9664259269268187
0.9263184948474039
0.8886373311660668
0.8681859794157628
0.8626011068539804
0.731862592671391
0.5300108054823606
0.8711497784736857
0.8601221911566739
0.8919319283128204
0.9075863686355696
0.6701072356542036
0.9494495709891533
0.9537637196439375
0.9286789242949682
0.9401813177918084
0.7939573070607553
0.0
0.46593413696150987
0.9750905261164887
0.9459062102175236
0.9294574934754845
0.8723584605785192
0.489544526251979
0.9152534581765721
0.8857632587215164
0.8983093043995244
0.8027644611004308
0.9682924910956057
0.6975938454823222
0.9449602122015915
0.8127021445986963
0.8225965142428786
0.7972675026123301
0.977711975037412
0.8313282045686018
0.717391304347826
0.0001999000499750125
0.36272728469671234
0.891473041906597
0.9510032974617213
0.9768766643071426
0.9531482046587326
0.9461335028086433
0.9235947960085891
0.7466182134996332
0.681966754250526
0.9324008881635132
0.545083104754441
0.9546998256994483
0.8264503821002834
0.943380350641006
0.275104871806521
0.9457043393550421
0.8780167476399258
0.778374038455862
0.9133267453754269
0.9186272928164358
0.9666760716660957
0.6057917643120188
0.9400222007376374
0.8743613431119323
0.9578920613403372
0.8481802627640708
0.5490987191343909
0.9521053268812417
0.3905851480134432
0.968312272435211
0.3396337545512958
0.9421694256539992
0.9488109393579073
0.6460925860714576
0.957359384305705
0.974560360473121
0.9986058950722658
0.9570907114010563
0.9650940756802127
0.9909055414297822
0.8811019722467688
0.7751436781609196
0.655674219201693
0.9036282703352677
0.9565129123749814
0.9630485893416928
0.7509578544061303
0.5933549468811206
0.7518002903310249
0.28828185422342373
0.8780118102460797
0.24075330755674795
0.870772573912049
0.9364991887924596
0.978177548487577
0.540911539968652
0.9953710312200493
0.9825189415493274
0.9078599858646729
0.557715564888644
0.819740923189199
0.8321894877803817
0.0
0.6191581781418442
0.7803945544958018
0.5599964200324754
0.9778878976123208
0.9486538588748925
0.9592162617064434
0.933316612168054
0.7894576403453153
0.7273605714748259
0.6677271352886271
0.8824716728081237
0.9280566225022657
0.5179956896551724
0.9669718375313691
0.9391338552823643
0.7968178429638876
0.8654852282081771
0.7986963708377949
0.961703173849052
0.979096166202613
0.9229602643395747
0.8993286969960398
0.0
0.8461650992685475
0.6572772926414926
0.8089782825720505
0.9650558306930388
0.7805698611733094
0.65371968060379
0.8924144461859979
0.0
0.0
0.0
0.9017292620003475
0.910240279120091
0.7510361405835544
0.7890629913007022
0.4377453815016587
0.8395408239032939
0.9831598495964784
0.9939528992753002
0.764848301756506
0.17950617539787797
0.97329431614468
0.9860645434858328
0.9106959802831033
0.9835258341702935
0.9009326986338481
0.921760710553814
0.5033835319994324
0.8748739665255092
0.5562774655664052
0.8466323331840573
0.0
0.3830278008586068
0.6548381642227125
0.7495666849115125
0.8444338867275101
0.9774476600985221
0.5883531999432382
0.9975241424122246
0.9221647710808462
0.4718020513132666
0.9707085528802329
0.622674725855463
0.8932995623400422
0.9685165834591122
0.882636557827281
0.9255539378951357
0.4582060235704932
0.6082863687457268
0.4621317214955741
0.9199848759830611
0.9743448275862069
0.5676824701084695
0.2788221852928957
0.7928389901569978
0.6060255339458298
0.8644258678741438
0.999543555911747
0.0
0.909128793203864
0.8644009381602034
0.6441389986121491
0.9653839914720059
0.911135586997656
0.5472442350253445
0.9417556879399729
0.0
0.9922660169987544
0.943440066554033
0.8738454135123935
0.7661997126436781
0.6288855572213893
0.8909645362847334
0.4478280340349306
0.9630319455656787
0.8827823201801162
0.32350994242711933
0.4623519684747868
0.9575001995530013
0.95207598615465
0.0
0.9246663298387436
0.9805988854549437
0.8532797805642633
0.9319536728208629
0.9536444815226796
0.8853667711598746
0.5588775851820473
0.9644421570309373
0.9300641497906597
0.9780547910708183
0.9177655392341034
0.9569934134056567
0.9376499250374812
0.6990932791749489
0.8739020049634274
0.9673651212671176
0.9991485738612176
0.9413918756394838
0.0
0.5547757094903876
0.9006055008210181
0.8493631562597079
0.9675312786084833
0.7817345086855069
0.5939364178670159
0.7435268883100965
0.968477157630154
0.9202603886735877
0.8693512277030151
0.0
0.9056843442362654
0.744703628577868
0.5613490169010574
0.883204991605321
0.0
0.9243189089616392
0.8194236215225721
0.9579666821046131
0.7626468186671691
0.8277158413274566
0.9984948002189381
0.7868753806444129
0.8807437772955015
0.94087956021989
0.9575176697365603
0.8768415734103063
0.8944031024001677
0.9264063881520778
0.9154158484278371
0.9288395027908092
0.6415377105032277
0.8257083878946603
0.9775950734310265
0.9415098627194995
0.9609041940978776
0.9576126619230068
0.8968335035750766
0.9661249323758495
0.9659400916630293
0.9148794862772696
0.96704619388419
0.9199145084234347
0.9473954282257367
0.0
0.8138322328197604
0.8659337966675577
0.5168541397750323
0.8766576262430582
0.0
0.0
0.9428918495297806
0.0
0.8272951347602061
0.9870503060158232
0.9402414081179962
0.8256066044033762
0.0
0.9727088990564049
0.5605224219364542
0.9530125047366427
0.19330540915109456
0.9328087841854935
0.41828180737217596
0.756820744923185
0.5193341972179856
0.0
0.0
0.9446781992238948
0.9292666532230961
0.8026514837533156
0.968197635961002
0.8888273046790803
0.5282953118035577
0.7824049232925614
0.819757688723206
0.8120766113617249
0.4039049671592775
0.5299191349837902
0.0
0.9871518719482537
0.9518311303301161
0.986600826698477
0.9937048173501375
0.0
0.7097827182899779
0.9530087897227857
0.4387152777777778
0.5638622021678683
0.0
0.3212389299651791
0.4941417203486169
0.6113894066480273
0.9856624319419238
0.8205767797047122
0.9024109566838202
0.9569547693685625
0.9316718243442381
0.31428280988959506
0.9347564313081554
0.8716569608933673
0.9512277051129607
0.22663187636950755
0.9431998498524118
0.9600961074084806
0.8535064935064935
0.9835292253622562
0.9550881953867029
0.4010053941088424
0.9310914542728636
0.5137530244778601
0.8208456255743096
0.9727622890682318
0.8939099910886745
0.8442304411290781
0.9485209814262784
0.6744224422442244
0.30205329153605015
0.9171346663411016
0.0
0.8535642088865477
0.9361233610210816
0.9665976265114196
0.5144222209033177
0.9131806292366638
0.9548291168302976
0.9762534948741846
0.9605998887348779
0.7310046433094133
0.6999801985799553
0.9184238069644423
0.8872353775643823
0.3862060819342278
0.9265761477004595
0.9675031195787808
0.9514606371487665
0.9760644783690192
0.9253547627002409
0.7033703328074525
0.9463778614894234
0.9428502531950808
0.6381317986031684
0.8320686337927717
0.9372282464017605
0.4457420506271081
0.9813618150008465
0.9802045050906469
0.7645537731744628
0.39621415607985483
0.7203776400464631
0.9928724632898862
0.9726192223037418
0.9162672849065767
0.9427975594059809
0.5566268055590086
0.9760812581913499
0.9715429275158339
0.9924811277808071
0.787096516922363
0.9024161603408822
0.7124117925214608
0.9013026819923372
0.9529974361190332
0.4689534603327707
0.9552118462018351
0.2987461545258119
0.9039993002864453
0.9593304819597923
0.9698622696869337
0.0
0.7903479179006464
0.8824513825715316
0.9962969771778238
0.9702575990608445
0.967380797471884
0.6998989465524162
0.9549995709575003
0.7427619204751691
0.8708028225269605
0.6885147079188967
0.7838457947041952
0.920248966425878
0.0
0.8898828887443071
0.0
0.8687072602939037
0.9870156739811913
0.8351108374384236
0.9837711876161678
0.3446671573901063
0.9767590466949092
0.8712373635084694
0.9268204077480855
0.8847182840940273
0.9621115368241805
0.9303298635072604
0.9446092700403045
0.9679802955665024
0.9736128262774031
0.9286263829263414
0.9406536138710306
0.8596395298938246
0.8670210007778066
0.9470646621133878
0.7444972528398557
0.9495403959070056
0.9711446360153256
0.871703565830721
0.8737691005960541
0.0
0.9417376571087851
0.9914362015420861
0.9938447358040314
0.8749592814928568
0.7733171151932831
0.8160188647309544
0.9909730042304532
0.7007320595330512
0.4697554225810294
0.0
0.693865156973752
0.0
0.9162813479623825
0.9946477800231134
0.9278112522686025
0.946360153256705
0.9430565329580108
0.8877540468520065
0.7815457182199045
0.9810409889394925
0.2939019641302303
0.6779556650246306
0.8930623973727422
0.7938522167487685
0.9002320954907161
0.9742443140132062
0.8558521220159151
0.8969497935015176
0.9657981680416247
0.8006516002800266
0.45179458279032086
0.9665823458926908
0.9764046998980934
0.9576620165700626
0.9281243395275488
0.0
0.6724521072796935
0.0
0.45192760762475903
0.9095209032651815
0.8274188368232256
0.9285266457680251
0.5676824701084695
0.2705533634509445
0.8508166969147005
0.4595801158301158
0.9601642559900273
0.910206788285606
0.8278307959012032
0.9432438064650576
0.9691763493253374
0.9768097133549921
0.9286775704613447
0.7814459247648903
0.6250715325125489
0.7498317507912711
0.9433046719534289
0.7280788177339902
0.0
0.8713034259569244
0.9207437206190952
0.9716422680098609
0.9601598801662998
0.9897719275798094
0.9388919473499825
0.46050823717734946
0.8774339969324437
0.9628370910698497
0.8803047156773519
0.5307550262669353
0.545792162398333
0.674257790890651
0.976541423456124
0.7758679333802486
0.972005444646098
0.8718485615037339
0.55306703892372
0.8840893637688199
0.965439679410529
0.9693721406235936
0.8230250783699059
0.9772686150710892
0.7208064545111499
0.8804287045666356
0.9091821333200644
0.8307021708169695
0.9446516808245454
0.9243525827447722
0.5216364915872305
0.4805295397568705
0.9864348167796444
0.8605138607167004
0.7540217247066406
0.8011885546588408
0.22701442347124093
0.0
0.8337429136110678
0.957284993866703
0.4322580937001
0.8652419909779036
0.8507205220918952
0.8303506474610796
0.0
0.4327526616875894
0.0
0.8215331318779595
0.5581768158473954
0.8428427021201106
0.814598350542243
0.4546494146247841
0.8416325468014105
0.9391020790545166
0.650526197939991
0.9949547884250746
0.6781762095340756
0.8535512228309521
0.9574940704251049
0.0
0.17724993886035706
0.5050304694796608
0.3889637887823006
0.9584284174443333
0.6743052038733637
0.0
0.866917364363086
0.25116451233411885
0.8654270248596632
0.9075786742551054
0.8533527935399389
0.9775228194726167
0.0
0.5496739195468778
0.7556473532198851
0.947061191626409
0.0
0.7312360053739364
0.34242105263157896
0.9870156739811913
0.20632616022815659
0.9824328489960628
0.8833038646122758
0.0
0.0
0.9924700409900288
0.6769909688013136
0.9750054267638556
0.9223455441996963
0.8359342624702829
0.7694215633962516
0.9788299317919805
0.4670041574957202
0.8388676032354193
0.9367743837409934
0.0
0.0
0.9861247947454844
0.9750190817036145
0.8914059997864845
0.0
0.9476222229756966
0.8310492189802534
0.9601088013663427
0.33712570039965456
0.5270574506098253
0.9452160938761388
0.0
0.8107282315051848
0.9313993796752418
0.7916038242560962
0.9573082561805877
0.8588879218407149
0.92907824933687
0.6728187396816497
0.8097741099658711
0.0
0.7633367139959432
0.9089447757324345
0.9174785839449584
0.9626700411262259
0.8897254565358014
0.21327233348745528
0.6472901933788097
0.825275701420323
0.757026860401575
0.4502111189303308
0.9652246932307609
0.7996447956577267
0.7531141459199803
0.894420183000605
0.9865470096982759
0.9168676978383237
0.9413185035628051
0.42170977011494254
0.952823742927298
0.8419423081538678
0.17869216652178113
0.10371697268248993
0.013802549161988087
0.6363313188766442
0.8953088291019325
0.0
0.9489785175114553
0.0
0.9923958898761058
0.9232671049308797
0.49526420042405983
0.91585349516384
0.9866748443959839
0.9493632405281152
0.8487429395268001
0.7526176183163479
0.0
0.831797475851617
0.9728317659352143
0.9688350483207292
0.8929419587726798
0.9788505747126437
0.9348213305063298
0.25920812162352136
0.2909992043177744
0.43392297357814597
0.8124040908055877
0.7630249231819733
0.9760892432532773
0.17775467775467776
0.9913378447861206
0.6536183438892799
0.3922007156798959
0.9566461870059845
0.9209923420705354
0.7742244963223537
0.9314660213752772
0.9643137832793005
0.8926550434795066
0.865881656760411
0.9766839197034343
0.9652480521696272
0.9609686219452339
0.5974089383305129
0.7606361400025894
0.8966305418719211
0.5287618747703774
0.0
0.8362112281212424
0.941289864906545
0.3091287689488589
0.6295894909688013
0.8553798288825512
0.9701810625247212
0.9530431693425471
0.9161455984255197
0.9158977640086207
0.4920593234010783
0.808421192093476
0.0
0.03831072762448658
0.9447573088455772
0.9679323578342408
0.3885045397469333
0.8843151053524858
0.5791517610178868
0.5894955585713404
0.8770324000662675
0.7931972789115647
0.203406741248386
0.9212121212121213
0.9961105200575756
0.9803372995809035
0.9926432382947489
0.9084750957854406
0.9531636485253029
0.9472526440953751
0.479366519747645
0.9601943700904495
0.9732657697012057
0.9525657980668757
0.052130774235523744
0.9229518672835562
0.0
0.375426245210728
0.9992137931034483
0.5178868085488506
0.9756738010305193
0.9422163676382311
0.9311842954927031
0.8171595316892637
0.5942023201362282
0.99211280245763
0.9245582652946768
0.8031212484993998
0.699142328025906
0.7677691766361717
0.7012714685128478
0.9318976043113975
0.9026028963666528
0.6504749512036435
0.0
0.9380268199233717
0.8584729064039409
0.9368697606084176
0.4581613633337771
0.613487488904619
0.0
0.6290985116416151
0.952904688854799
0.47458429875971103
0.6050776366202864
0.9410046760917717
0.849511725953709
0.8843970558580359
0.9195828011919966
0.7549521254552989
0.9898418920927468
0.7913567026010804
0.6326523530687487
0.9493772712179106
0.9846290491118077
0.9318303676150264
0.9284137931034483
0.9507496251874062
0.6722156163297661
0.3913837959837006
0.9109384576967606
0.0
0.9802726776585571
0.7514184916028549
0.5003454556874568
0.0
0.0
0.9956782420793134
0.6517318448055666
0.7555898073139452
0.6689181750121108
0.9366520171286905
0.9809047740082223
0.8923382260854799
0.3018036194668623
0.53801348615465
0.9861404331847682
0.8932374856595451
0.9753071811574798
0.9400172391915956
0.0
0.0
0.15900522901654957
0.9026497277676951
0.8660248788072807
0.9750073843984336
0.8365255666352422
0.898762157382847
0.6663614949127044
0.9637683660672166
0.9681189090056085
0.804994182470338
0.24466966669745877
0.9062345373577437
0.9748889167031729
0.44787400972099967
0.9398604269293924
0.861603742235628
0.8979642264429283
0.4164778325123153
0.813947261663286
0.9484441452743017
0.8342806082090646
0.7832611100866679
0.9475832648908393
0.8159295096012513
0.7956038214658905
0.9368598013918211
0.8314726736248734
0.9840086206896552
0.9667652932008572
0.9807226953324957
0.9922039392618149
0.9019607843137255
0.9481899007761077
0.9186167475170005
0.9417077175697866
0.7916876110049931
0.9756738010305193
0.9030503978779841
0.8593510304808911
0.5701283240354933
0.8912290128648412
0.9403511135057471
0.7085415299069391
0.7639249392185734
0.9457120216763375
0.44844620413424796
0.7888535995160315
0.8807240876646225
0.9319444799468316
0.8358287046691057
0.9848207871510674
0.9621932277104691
0.9978191541006625
0.7435556172127665
0.5081494923228742
0.9630899163336335
0.9805473239942529
0.9792755137582724
0.22777106292214716
0.9287709086633154
0.9616140865737344
0.0
0.9256849562640064
0.9419510254355989
0.9310704647676162
0.698088115651793
0.7682507444527843
0.9874478428593922
0.9408996985839131
0.5356580864497329
0.9344661537610007
0.7894942300448584
0.8446667755231295
0.7570275572408527
0.96271242369246
0.8639788158927671
0.49190335511234784
0.8807044334975369
0.2540856495288083
0.9459160752264201
0.7489640759557525
0.8470352660269975
0.9378620831822803
0.9202116113660341
0.562038334262314
0.9115986458321846
0.9295766163040073
0.620531295775763
0.9656276871859197
0.9557786819207219
0.950936454436584
0.830950378469302
0.9549995709575003
0.8472222222222222
0.8384699376562995
0.9498805791909241
0.14987288287320513
0.4929375691163165
0.9015185295283393
0.8602153398609337
0.8454749471321911
0.9681082464333696
0.9228226644656395
0.9867384489573395
0.9875710496400152
0.3700890731105036
0.9494916003536693
0.15654130150761145
0.8292457114907592
0.8622068965517241
0.9208670052847653
0.8708346277311795
0.9538958730569111
0.8648170717136234
0.0
0.8990887040703136
0.48667810575641707
0.5264367816091954
0.7160039878020173
0.9319327373350362
0.968281763136289
0.916082974137931
0.9594153540513694
0.9923089332526719
0.31855219650448746
0.9318344490758284
0.9107227208313652
0.793794493259416
0.8234434167755772
0.790449628127113
0.9348646703935352
0.9763481849339022
0.9543347816123133
0.9415056379544284
0.7457087234768964
0.9395544815193482
0.9939421030225628
0.799126914775231
0.9777012840184124
0.7325881288050689
0.780574686286758
0.9385513428852584
0.8141784989858012
0.7136075949367089
0.3091139285023475
0.9799025259406771
0.9022640195053988
0.5944556997849789
0.9816831432620284
0.8089345952023989
0.9902531087397478
0.6789877641824249
0.4131709918236758
0.042656449553001276
0.9317654240664434
0.8734531423804227
0.9834157765192248
0.9440782729919226
0.9113073483008332
0.6938866577420795
0.9526732046820626
0.0
0.08370461704244032
0.9360130082808058
0.9778947368421053
0.7774660660329783
0.9463646292118738
0.9541570727106278
0.8756796682109468
0.9356653563550116
0.7915054892425583
0.0
0.9573808075609413
0.9849535197838869
0.9531198037344963
0.273031394750386
0.401500223914017
0.8961994098736072
0.9718867838807869
0.8148854569735986
0.8158629413945778
0.5043540441760687
0.7086340847334379
0.9024875036221385
0.9100308558436637
0.9660889839318068
0.5812084783296425
0.6811554041798504
0.9241124923851411
0.7085041157718007
0.7254147818842893
0.0
0.9392476489028213
0.9363886037673038
0.9876318118842364
0.9833708855799373
0.9215616782396773
0.700532951517321
0.698658428543486
0.5834178024262536
0.9622578163251032
0.10278091134214797
0.9834670928835385
0.6660594231186293
0.8352083008269621
0.9204165747917974
0.8890159005336294
0.4577500853533629
0.9412206316436043
0.9621189522143301
0.04383948376688849
0.9806988595545977
0.9721399066091954
0.9519200809469508
0.9634448456898934
0.9962068965517241
0.5326288468668892
0.3741828205809087
0.8916530825496343
0.9029209054476593
0.8332646699350444
0.8461512845701726
0.7974157233966984
0.7878352490421456
0.9659610788665074
0.939615906332548
0.8677255966611289
0.36471605928302
0.9006789659131399
0.92092575044569
0.10235017626321974
0.7741350284453733
0.8583435554949798
0.7534593993325918
0.41107556187541966
0.6372296082494175
0.9179085656639765
0.8185306293213547
0.322920892494929
0.9894319497889192
0.8416088798428514
0.9044207125745563
0.0
0.9458025664922217
0.8923404676971859
0.9021743858936806
0.9545299357521959
0.9891987020843646
0.8006789003159239
0.8216473994170252
0.9275137921506227
0.9509974045235446
0.8055416972364882
0.985399192295744
0.6647012434060254
0.9418728833128078
0.5605224219364542
0.7732464362003575
0.427069044352995
0.9519297988912192
0.8775582176444245
0.849552133950003
0.38192806127395534
0.9432852007310264
0.9033327628989476
0.8876256423193871
0.43570446156653053
0.8148105738402146
0.5878895324708132
0.7449758441757623
0.0
0.5559253706480093
0.9267410678007422
0.8432448948763372
0.9401946985690828
0.9175759342550946
0.0
0.9279639414163886
0.9666938911114495
0.24215761924326998
0.9639616894434219
0.724711252122123
0.9424811403821899
0.8790576896083844
0.9615987460815048
0.5693501053179656
0.9496722944998807
0.8254433163336921
0.0
0.958619572623795
0.9043303085299456
0.9914362015420861
0.8213073518642341
0.929996921182266
0.8630373457959665
0.6143644154254234
0.47022995115438254
0.9484121575575848
0.8328687880038306
0.6240599157434857
0.06534478243988767
0.9198331211601262
0.9556443757344947
0.0
0.9819711538461539
0.8478932224582335
0.8201169311538002
0.9464000638569604
0.750942397099212
0.7371058060713234
0.9695922354126705
0.0
0.9542805248319237
0.5002536562740068
0.9321390556905589
0.8565418247813892
0.9554785515738863
0.6831965075367702
0.917280556313444
0.9508301404853129
0.4791783534070285
0.9838296904324089
0.5111081146238114
0.902866158811462
0.8995435754056443
0.8743860393035805
0.9310844577711145
0.0
0.9965045224335668
0.9956306990881459
0.0
0.9891973656029128
0.9210837438423646
0.5860782295419454
0.9441358966534432
0.9407782217144155
0.9489456085674106
0.9743508280054501
0.8140446718032925
0.6180897646414888
0.4116791710452357
0.9698768285316596
0.8292477666048077
0.0
0.9452406957477951
0.9598508430147661
0.2185781183482333
0.9357818210710313
0.900643572223105
0.979500758680194
0.9490897717498703
0.8589745426414338
0.8920853188907841
0.8807283367906282
0.7131351832501258
0.9781959435794568
0.9881131838452358
0.9198682466139106
0.0
0.9312506756026375
0.790703717290291
0.9263983473258146
0.9230262957665033
0.6717552364401354
0.9274267628090717
0.0
0.4567942421977866
0.9638864037217862
0.9287400873206807
0.94053350683149
0.9330792225543689
0.0
0.9130995644575138
0.8535001793027952
0.7651089513158479
0.9175584621482362
0.9226494301209361
0.9569875256546484
0.9985855728429985
0.9314670013738826
0.9055767645730091
0.5362967483809717
0.9291231081291933
0.9468255076240557
0.939689948840013
0.9486809999539616
0.9799753694581281
0.7804626201108867
0.0
0.4472952712832773
0.8532371745161902
0.6521982539932469
0.3753408992748049
0.9558234868579696
0.6973194352986525
0.23141232763034766
0.957305048456164
0.990492948499094
0.44355792671428035
0.9442573324879701
0.0
0.9560085799729017
0.27886298032774387
0.9451442646023926
0.9666438163257715
0.8928210541511035
0.8667363288052943
0.0
0.9090732264750755
0.9897743490649783
0.0
0.9479888935424325
0.8521031613180927
0.9572023855034789
0.7986505681818182
0.727146573468597
0.9271049560574609
0.9082300400579314
0.9210109894377135
0.07564655172413794
0.9160917981264353
0.6845576254018585
0.0
0.8666437198823456
0.5685031047694543
0.7677781988126816
0.7628360099989727
0.9177582105061665
0.8299960058580749
0.9532084830139135
0.8980538140020898
0.8882675779227504
0.9399571047809429
0.8785773100636636
0.5278857540926506
0.8519950462479198
0.8315513056578507
0.7964896748465794
0.8367109548673939
0.9584988611684941
0.5501285526159935
0.9219620897712465
0.9901431740270216
0.9974681275346732
0.1963157676863849
0.9546011018159559
0.810727969348659
0.7200420656445453
0.7097810557207399
0.0
0.15316072231557523
0.1632543103448276
0.972152407761134
0.42236644835477
0.9167025862068966
0.33633832434432137
0.8577286877394636
0.6265462749351952
0.734459300961764
0.9470443349753694
0.9752598948050727
0.9260851926977688
0.9864381327016423
0.9535416153006234
0.0
0.8827877025342751
0.0
0.8114077757359565
0.8388629437327163
0.9484019501625135
0.8285221837939024
0.7186311167591257
0.9419343527640941
0.9901359176852464
0.9258313804262918
0.15077343278094388
0.8154184626436781
0.9132031574574159
0.9961950059453032
0.8971014019505399
0.04649083758558147
0.9569547693685625
0.9206887817489432
0.9517982944011865
0.4599187475227903
0.7097810557207399
0.0
0.9117187197646968
0.9411524418217354
0.6521846034631776
0.9194451677433487
0.97140545929981
0.7119256012011469
0.9486427957192575
0.31659170414792603
0.7987329150958501
0.9535851122058019
0.798808962373198
0.0
0.8405952734839477
0.6736932961335302
0.9192333743842365
0.9222941149219389
0.843005485893417
0.0
0.48816647863834794
0.9003668146987113
0.9118761598897619
0.9659255314427728
0.8424720179195759
0.7458512654304589
0.6401671960827036
0.9148285328852389
0.9209403672735387
0.9008804108584005
0.9235448507873901
0.4758924057033067
0.8310888934231109
0.9732401080565708
0.0
0.9776590577950461
0.9374706002800237
0.881938572301278
0.6627726441789998
0.26915398576015637
0.9823452099314168
0.9113460732397027
0.6728895445325466
0.0
0.5514767368790852
0.8729865171220618
0.7513411325665043
0.6146775389177168
0.9833894500561168
0.991038806615501
0.9707319889162561
0.9394570206687513
0.9103237677207684
0.8856732670585368
0.9281094798336178
0.0
0.9152611552184962
0.5037229437229437
0.40043516219064806
0.47103379594880324
0.11461788964299845
0.9574181759818264
0.42946007838992384
0.9862292074667196
0.9685165834591122
0.0
0.20352528767587294
0.124893859376618
0.05243045144094619
0.5819377831699873
0.6280000979623824
0.9322415594710481
0.9138293858121445
0.7643702379741439
0.7744261241539976
0.8484670340519486
0.5135187123419422
0.8773347701149425
0.9073304713105295
0.5
0.9262355354309377
0.4880531554481708
0.815041476903058
0.8955323739999159
0.8929367823786594
0.9207775823839743
0.6965696103627138
0.7402008591663765
0.9302716665799831
0.9541418945699564
0.8686379253273065
0.7590676883780332
0.7291769990174519
0.9032567049808429
0.9091669335610832
0.9780028298920449
0.8331408392189448
0.5880481389399345
0.9461991693229016
0.7868727448573448
0.8849035115469788
0.8006662877352533
0.8070243228901013
0.9275938697318008
0.944464609800363
0.9818053713527851
0.7491686373719042
0.0
0.7726109457640613
0.8806600985221675
0.9915105232771741
0.9583632662835249
0.9281942134051997
0.8813162773451984
0.4620116627903057
0.9210923230198704
0.7173142302088392
0.725077365163572
0.9764471040096956
0.0
0.6034792743865393
0.0
0.9655535135657978
0.8705036291777873
0.9536567236531688
0.3133424169374279
0.8933662280701754
0.9678263546798029
0.9806703254979117
0.7782536151279199
0.5818611380929254
0.9959384191751675
0.8468181818181818
0.9088855142783065
0.8832898805156693
0.023207549971784133
0.8431529102202939
0.37319026656884324
0.5744089570369352
0.8080242524785717
0.9831030430730581
0.8199824058670336
0.8935790169431413
0.9465693398511472
0.993876761924848
0.592943582869968
0.9429631665750412
0.8999022022602144
0.0
0.9462655312020103
0.8605769230769231
0.9673066276494781
0.9853377784412267
0.8068622456935536
0.9649355266134505
0.8625647751263514
0.9825189415493274
0.9526029917284349
0.0
0.6322958257713248
0.9605026034803297
0.8075439176662759
0.901494418735798
0.848728127345262
0.8624697927316665
0.9005738257414503
0.6303728827753701
0.8280912053848786
0.959875279053892
0.9072640134888708
0.7895397129021696
0.9021892453441605
0.9343739489979623
0.9174564764401425
0.9381967152199763
0.9033649308135682
0.950597521933576
0.6044707955445625
0.9951342794956199
0.9099346496106785
0.0
0.9564099236731275
0.8618523985892211
0.9654035719482031
0.9971029242830367
0.9219456323871406
0.37859641607767547
0.9717196510814627
0.9951242274471712
0.8167527572246266
0.9663898907502912
0.9213770565697543
0.9769875478927204
0.8193854251325515
0.7758793017284461
0.5489473928803792
0.9073051948051948
0.46526436781609193
0.9108815484084881
0.9689496919525677
0.9387138716580438
0.7514184916028549
0.9501998326982062
0.7086573734409392
0.8502618513228593
0.9053886066371203
0.4031949079223829
0.7626308944173947
0.9529447075301808
0.4962757290592891
0.9834226076416431
0.9746268170262695
0.4449964771220159
0.9322956222434348
0.7573363116012843
0.4475133763655725
0.9488590150852477
0.9073214597743768
0.9704966246138329
0.15934615739094943
0.7871635610766046
0.8353698929351524
0.8959062340750806
0.9550101986733694
0.8591979509136785
0.6549735336413426
0.903052301600396
0.9379758172861621
0.8329972516564026
0.7276703562940975
0.47191323692992215
0.8530868164164013
0.8433260232721798
0.9603648369238978
0.9564426243682354
0.8541129435282359
0.9030743586773242
0.909991563851102
0.9820604581056214
0.9543122562887071
0.9560766645406144
0.9893643755946077
0.9112751073957971
0.17031446540880504
0.8213340493268383
0.9468026776407358
0.9603462191422448
0.9792854834298784
0.9168077459978021
0.8753315649867374
0.9861385523454489
0.0
0.9595096759440119
0.9818703915508724
0.6241580963904013
0.038344277673545965
0.9529383421935981
0.9323927170540367
0.6352455108851104
0.10941041716903786
0.6409675759135358
0.8239880598493856
0.45192760762475903
0.9497747991208157
0.6141493580695032
0.9239721831874032
0.9503262331280196
0.9185992787919766
0.6692011663784627
0.5261051859645767
0.6207101562179671
0.8827017419125489
0.8061263522545097
0.8008974691370335
0.8657028604168383
0.8989082494307717
0.9216429190431085
0.4580369099430867
0.9595207730416442
0.9101884431933693
0.0
0.6983970427694111
0.9792490901884481
0.31899190710767067
0.852209398055793
0.6083345458072651
0.8653624438657455
0.9898403284983227
0.7819804568000238
0.27624376490999786
0.9087890184809556
0.6301570197044335
0.8227832512315271
0.0
0.7091315804439726
0.0
0.9249494793476722
0.8131138149279791
0.5948027068716724
0.5590667352890719
0.8252215643020241
0.0
0.9490093048713738
0.6150673537217979
0.48702700991102243
0.8917140756221216
0.8323713913550574
0.8382780408223998
0.9221205949679558
0.8686035874796166
0.0
0.9804953621213709
0.8357203913865852
0.9214512317960594
0.7440038314176245
0.9485942943081196
0.9843852728468113
0.8928453317201048
0.9348937507708589
0.5894866449227462
0.9491063991813617
0.82994555353902
0.5011860614063526
0.8692821956368755
0.9777512311898275
0.9034452633904364
0.9277178949422036
0.9525705329153605
0.9566247494076909
0.43521141215106735
0.9111645084580686
0.9629794013884148
0.4402764502610102
0.9107676772457971
0.617624521072797
0.20307207639742975
0.9387815911368746
0.8418043853121895
0.9209608071903898
0.8389150230892063
0.9650170079370373
0.953848088983127
0.5177635371105008
0.8788768245634968
0.0
0.38467462976975464
0.8251567398119122
0.7881923871970086
0.755766375185613
0.7199427998265019
0.9154213259720207
0.8830388524745891
0.8941330360705368
0.7545814471405075
0.9567461448339192
0.18108346394984326
0.141007026850947
0.0
0.9394555353901997
0.9059591052125713
0.7527324445625045
0.9474214123998607
0.8682945013979497
0.7595941825005864
0.9964947103912832
0.9450731290701399
0.6451612903225806
0.9050268109975298
0.9463847136260929
0.7106858087386816
0.9018181098779354
0.9788617087467663
0.9672099273746212
0.7441239316239316
0.2134072823727996
0.9128369443596785
0.764516064697553
0.8983294002682107
0.0
0.8407119454291546
0.4745544111061352
0.9931158287069617
0.0
0.7841990539432141
0.979057839501302
0.7559426472330845
0.01934373722229794
0.9077062252349609
0.7627282491944146
0.4958086823496355
0.5629424835049274
0.9033970955153221
0.0
0.0
0.9496989600437876
0.8370668313724309
0.9087592968221772
0.9301283953548183
0.9000008182904277
0.0
0.7420081752436851
0.2856718192627824
0.8970905172413793
0.9809462741410873
0.8748719962222304
0.9539705870793803
0.8717622472186367
0.9430263223366672
0.9064337960889685
0.0
0.9870829450139795
0.8924914166293476
0.9646464646464646
0.8320111532895385
0.9883738656987295
0.08193366222182918
0.8916922827200698
0.8784082745559039
0.8987165295856745
0.0
0.05168983603694626
0.0
0.718511412372366
0.48373754561482635
0.8887851581121882
0.0
0.7182048421089917
0.7668127542583518
0.7128881664370459
0.8288315953340584
0.9599966710128444
0.0
0.8804305873271391
0.7502152398704123
0.9258295380611581
0.5938995687680667
0.7818577792443491
0.9595791742286751
0.39439287874859563
0.6996637735553992
0.9283206715105042
0.7087280535556397
0.7864574390034499
0.8352455590386625
0.7534392457013321
0.9865204888569374
0.6466569971459318
0.30894079313619544
0.9671302490181692
0.3790619650281242
0.6828786326908552
0.7468186846208116
0.8663648299030776
0.6461629845250535
0.9173090222565485
0.9658618089145472
0.7951379310344827
0.4507464948844259
0.584935960591133
0.8987354629018334
0.9312208994823684
0.4103722190096479
0.4764150357253806
0.98
0.6642564265068802
0.6702531783350749
0.889236181129708
0.8911489503182293
0.9815459242855636
0.9173489850819271
0.8514716126785092
0.9130555662818087
0.0
0.735251922910725
0.8167711598746081
0.8851406360795231
0.8711517297815904
0.7943200813386411
0.9294252873563218
0.9636072854463659
0.9260423709713771
0.7668765509833697
0.8815295322635712
0.7326813628286678
0.9125538496574498
0.9001026838017434
0.8613026819923372
0.9376790783324359
0.9433653196574243
0.9189931772081873
0.5628016048768975
0.9117716574613126
0.4401525198938992
0.9556735769020251
0.809935131444179
0.9494476062939404
0.7798798169304405
0.8558842138563746
0.5646505226351226
0.9707207002559326
0.98777508567145
0.9535704848725063
0.4379565143536606
0.8348091704068017
0.8820209298335907
0.5945872459433477
0.8234434167755772
0.9827586206896551
0.9479465368643422
0.7601258894362343
0.9149147899654999
0.5681302206039838
0.9134684070394181
0.9801778356104967
0.9049635583210901
0.4701216643140418
0.5193672959900141
0.0166478370501359
0.9725398132056872
0.8325044208664898
0.0
0.5954195524619229
0.93970625798212
0.9806988098870919
0.787687827245407
0.7057447597409257
0.4594589374468852
0.5041392450805401
0.15446526381190628
0.9957695468241167
0.7827609873855111
0.9189612199016588
0.8731759608477011
0.8863650860474314
0.9968704446439307
0.0
0.8401178185713011
0.8968211206896551
0.9880176218702053
0.8413193804167435
0.6939968652037618
0.9763021346469622
0.24772180505941532
0.0
0.9348359138856333
0.9937705289387246
0.9455049261083743
0.8383794493882091
0.9498790334334101
0.815311247813082
0.8992373137734657
0.5654748848431673
0.9954715521738349
0.9083626958047957
0.8009430826755297
0.8862216088217574
0.9973523634544001
0.8999057644856104
0.8608551079815447
0.8160194677436057
0.5817531760435571
0.7691222570532915
0.9544699235626454
0.4505854470984266
0.8371359433065422
0.27101552554380914
0.5133651477832513
0.9292435332362737
0.9006653667214012
0.3465452424163858
0.9338181502560479
0.9415575944688438
0.47190795179399037
0.0
0.9169481478363656
0.9168222340442682
0.6898052160628546
0.9051765603489741
0.9695066953444806
0.3611098846650085
0.7715737437794513
0.9953308259224108
0.9901655110366544
0.7367377529218173
0.6609729947675644
0.9904510994019431
0.6296569008728718
0.8524419503876584
0.9845864251418595
0.6609382503539332
0.9730955351979791
0.46447814744395527
0.9979402182231649
0.8047010439734261
0.0
0.8839004476127321
0.9615928281813786
0.9137735109717868
0.9146976227795194
0.9917347208748567
0.9765815445057155
0.8792795993522953
0.8206841555298906
0.6359883438562409
0.9698193491296939
0.9548378632497322
0.9005165848393719
0.6846156390944278
0.3445290341842066
0.6910210479175997
0.9911252837531078
0.8037264374957598
0.934266657532711
0.8071192777313765
0.8462041395064889
0.9475317382371194
0.954082359646623
0.952927720387345
0.9570360829771871
0.6598598232864444
0.8731402947719689
0.908220017706749
0.31143069018486147
0.6731065270935961
0.9399085179632406
0.9903172413793103
0.8197230639407771
0.8228652829611142
0.9703776683087028
0.8647197718969972
0.9099793421261719
0.8831603615667895
0.9554967565722089
0.9472865008072194
0.944363746087884
0.0
0.7875722638394707
0.8996614995254666
0.9646009652374624
0.987415534656914
0.00581881616364375
0.8917548857115156
0.0
0.7921541461412152
0.7673795772097367
0.5527782983508246
0.930324960976302
0.9828058374436123
0.7186516091325579
0.9628787878787879
0.0
0.6448425787106447
0.9647933802187196
0.9430400986200048
0.7536301275263569
0.9168137839325018
0.9155011655011654
0.5816818602193157
0.0
0.8622068965517241
0.9870291249601595
0.9532907291527981
0.9666980051775379
0.8313486919268614
0.9685460124875833
0.8357115327937609
0.8999022251561595
0.9343376718503493
0.7086463983015707
0.23968637552613759
0.0
0.9430213464696223
0.9092199130513307
0.9254886793014192
0.3637053001277139
0.030896006901091917
0.861363377717082
0.9729686809114857
0.9703049905889662
0.43997200117889773
0.9736995908825249
0.13403720462543992
0.9345851826561966
0.9254683334216148
0.9410407988020807
0.921565079529201
0.7310883049659292
0.9392127349023901
0.9260188087774295
0.9521556321021857
0.859000283808713
0.8963000525880851
0.8805070173807975
0.947219581520852
0.9541758376131083
0.9084811118028638
0.9878399496953052
0.9251024112004148
0.9747676705229305
0.9819343738478554
0.9129750914016675
0.8531495900795122
0.6505879461584997
0.5402180353122408
0.7396904388714733
0.3825044580939172
0.9054936191052344
0.8572317518462423
0.8118151302466224
0.8823458554839954
0.5967177427334797
0.6312001656829243
0.9082238478116711
0.5568001483129403
0.9610682529355269
0.9642388723789285
0.9020351296213365
0.8814346187121493
0.7671074856836815
0.7083469650374054
0.5748766090842393
0.7572430964237211
0.8819080459770114
0.859013531209079
0.8271337182087689
0.9463345044575048
0.5239712394884809
0.4250472925609042
0.8271128677253686
0.6803776683087028
0.8290948275862069
0.9500746575273827
0.8896336878289827
0.829669163594633
0.8455308060255586
0.9078310195551574
0.9824365103583901
0.8999654439406474
0.9398028431539844
0.9308033030950333
0.9672006784890832
0.0
0.7750152822455381
0.9793165828250108
0.8653516682621396
0.9899356541824781
0.0
0.9162859471858353
0.7624496193461711
0.5519313660477454
0.9006403940886699
0.9554805347908796
0.7892448829061405
0.9072413793103449
0.0
0.4694375097519114
0.9644230636054312
0.6297877345436431
0.9194629346719045
0.9356785892767902
0.9470188882167103
0.8692462336197703
0.7416499370177925
0.9940029985007496
0.9215029002827412
0.0
0.7173895672766103
0.8405771829635119
0.8464458212914209
0.3748429859982542
0.9174359398931986
0.9580354053742359
0.9456673654786862
0.48355048419556323
0.9562462039169847
0.0
0.9313993796752418
0.9375076047015307
0.9680986590038314
0.9862766830870279
0.7971985355561608
0.7665509439850211
0.9261494252873563
0.9448432246461803
0.9132993640636726
0.7642216842243015
0.5990201845278005
0.9365739976901502
0.9472347773094307
0.9252915914923894
0.9765746222563685
0.622434875066454
0.8940469331633508
0.9017229545831065
0.9677475533982764
0.793222869084938
0.9469604769807609
0.0
0.9318287888850993
0.6203417487684729
0.0
0.8904894692693102
0.6415766864042726
0.9256809401029744
0.8964058854031631
0.6724521072796935
0.9775228194726167
0.8874415814070986
0.9522695458002141
0.9815335077996716
0.6940524788994921
0.0
0.04993377097858837
0.9783509438681852
0.0
0.9675639774452397
0.975975975975976
0.8008526586255994
0.9495847944671731
0.7394151025752946
0.8487282098395372
0.9687987044613287
0.8135589779678449
0.9750506059454251
0.8685200668896321
0.9932518076801199
0.9930447689068379
0.9641189832094876
0.8683790757682384
0.8520288446920875
0.9870013328582552
0.9484570738240933
0.9846866590839737
0.9572546937674857
0.0
0.8028042477590245
0.6760412818436918
0.9906110102843315
0.9428473881870946
0.9676663257354373
0.0
0.979177364353333
0.9695022054190297
0.28548502966258804
0.9602070635384486
0.8912658409885689
0.1944163540289709
0.8401118681384071
0.0
0.7612671327566457
0.9967540229885058
0.9136842626032751
0.8858385579937305
0.9792549121210843
0.7049461694492121
0.939002640744001
0.9790819080723098
0.9666280305225539
0.8353940172080304
0.8577240241891149
0.9133644837245243
0.8310222888050797
0.06278598795840175
0.9275972540045767
0.3353486355700845
0.9304671339344888
0.9169924812030075
0.9445192734407237
0.5279182764954442
0.8820127636105786
0.14036611323967646
0.9846626956427319
0.9536757687028379
0.881482208160974
0.3767831215970962
0.9843847962382445
0.24439408866995074
0.6789528911941852
0.0
0.9785935304291428
0.0
0.9024947078956219
0.39167948543311926
0.15147664263106542
0.7556141609938615
0.9562232841704771
0.971801133302661
0.9761751300584688
0.9422469771607702
0.9411712285735928
0.5908020234003939
0.9121762124635688
0.8863666765755054
0.94129277997024
0.9637077500853534
0.964558176032085
0.9457157784743991
0.5555567106407604
0.5560373278707181
0.6671906422390731
0.9340919867235656
0.23007242460274566
0.9776513683913917
0.947771226366909
0.43865109559718934
0.983959375973895
0.9664112388250319
0.8283348747082397
0.9963740990296678
0.9542034153744919
0.9920986186344887
0.18444266238973536
0.7467414618049827
0.9189586754241926
0.9219012669646152
0.9958679135008767
0.9774196938099164
0.8061670729664849
0.994539708367232
0.9782234732973649
0.34139081627037926
0.8423022550491054
0.7767038653125845
0.8802982646026892
0.8556048618744544
0.8416332406029631
0.729249665959768
0.0
0.9361021521581866
0.839119036716867
0.5857415752351097
0.9237254251833359
0.8966025087603474
0.9800308520044396
0.7434197980277405
0.9696728150025773
0.8367870055582537
0.40459289834006434
0.9044957206305636
0.563133515724463
0.8729917711598746
0.9405038107551258
0.9941763811971566
0.9132012940897972
0.8316041979010494
0.8987261637380544
0.9376536188864538
0.9572849364791288
0.886098223615465
0.9503695735476753
0.9406889648268959
0.3905768038657734
0.8941135492859631
0.9190742466604536
0.9375926072051693
0.895096152083448
0.822856428928393
0.9243515722937302
0.3467700312465127
0.954945212964827
0.8119024599849608
0.9413897937868134
0.0
0.8498464982953678
0.8800960625294644
0.0
0.7604550273406986
0.8757712209187503
0.9744421267627056
0.9452045842967729
0.982000942887931
0.9167918573641244
0.8086417800274175
0.8695695564251386
0.9256433730037636
0.1760038386878667
0.8879310344827587
0.9537129901469149
0.6441436602570989
0.9683985353422355
0.9941097458933369
0.6311969925231559
0.9774379873736975
0.9533100224429317
0.9251698211044853
0.9207964927792514
0.9223288105320773
0.0
0.9358662402669633
0.9243670122980467
0.0
0.9298724264241506
0.8362916207743794
0.9226895173103103
0.0
0.6986412292135719
0.8959126040428061
0.6895712046574115
0.9737776884152676
0.9011798529236125
0.9470749219227921
0.5453953983557106
0.26847547074978906
0.9296186173430642
0.4841168149575628
0.8910033362003805
0.8173531845544529
0.9775862068965517
0.9693172799874166
0.8149791926466673
0.898611987919944
0.8416448421358941
0.6190868318505992
0.9460017345373063
0.9777512311898275
0.9711837587699657
0.8685904416212946
0.9313011205995748
0.9663811642565814
0.7842062933547803
0.9631005857224645
0.0
0.5415768678160919
0.0
0.9804331006347923
0.8739005651201508
0.8921930472072832
0.9893138207324356
0.9443916304170388
0.9381481481481482
0.9319465734519529
0.8994213018317471
0.9167278063096111
0.8734938191281718
0.8675999389685688
0.8589956159022503
0.8068241805023414
0.8793016105928798
0.8989842058201574
0.941782401657784
0.8947478413903096
0.8718820861678005
0.7382806775118815
0.9313107869142352
0.9174612278060554
0.7340423311346748
0.9396711860787872
0.8666524411061796
0.8971016200504904
0.0
0.8733310112620457
0.8923855503637547
0.8799763064896123
0.9914498017946294
0.0
0.0
0.9242223876782202
0.7811913641282768
0.9874393100345913
0.8622735980494601
0.8502085994040017
0.9248481149610231
0.918392782954478
0.0
0.9926432382947489
0.9377892435849465
0.7818577792443491
0.9147202752729634
0.9906069772131478
0.9336265381556169
0.9404519331243469
0.8098035469799726
0.232294628846353
0.46610806746159633
0.6940090560780215
0.8236818286687845
0.8671215637810465
0.9606949398863787
0.9888445799775849
0.8303012130298487
0.9167918573641244
0.9132125263898663
0.6889976353957235
0.9791016576476939
0.942501154070603
0.5735501428098606
0.8690472081276679
0.5980171699173901
0.9710077270922025
0.939262415124484
0.9562551056803931
0.9580963904012906
0.9428984808295153
0.9326111571934537
0.9493341907135011
0.9418434557085136
0.9820732280298957
0.7812497566976278
0.6691828828295973
0.9596754563894523
0.9078493577991402
0.8001086234571317
0.8799588737741221
0.2853487856622653
0.3083593466424682
0.9507565095003518
0.2682869913299467
0.9304861458159809
0.9426508705505571
0.935637736687212
0.0
0.8718056506403712
0.9160125588697017
0.7679939251153644
0.015438917116863815
0.9168436498436112
0.9525314322310985
0.9196620622437319
0.6535619552860932
0.09149425287356322
0.7778145930466476
0.9734824479652066
0.8923309449171518
0.8250813469805812
0.9059108776977115
0.9235210078576531
0.9737252570469329
0.9246210228219224
0.07233050141595869
0.9747183662791649
0.0
0.9235911558109834
0.007567125528145018
0.0
0.0
0.0
0.0
0.9579921831786381
0.8845379570101954
0.8408786845625998
0.8416609299705864
0.901410568381902
0.9246034047736434
0.975428650351536
0.6808038881793671
0.8177774628159807
0.8261439203769763
0.9554000989935654
0.7709324217201744
0.8729865171220618
0.0
0.8932138499183286
0.9630025508359926
0.9784862285838213
0.8805096528374778
0.9732401080565708
0.9390635564570656
0.8481665755946047
0.9525535933332036
0.4516797585763103
0.9650806682826387
0.7877653216458997
0.3023175521125545
0.3836688543436653
0.0
0.9358069813019757
0.38619181013053183
0.967096345695077
0.7894023270227631
0.9848519679554162
0.969263216592017
0.7651130617082257
0.5879889997336225
0.9417819521722081
0.8950124788811886
0.9000194190917413
0.9327048144855659
0.931553902349117
0.8417686318131257
0.930265940143136
0.8958064827235505
0.0
0.9795036692180226
0.9936333938294011
0.6073191542588597
0.7800269189209683
0.9763178755449862
0.852276531637094
0.8483156220631822
0.9187441752096924
0.14426450742240216
0.9884874149846926
0.9551432076169707
0.8057970336405745
0.0
0.8029794435043138
0.9576712869055668
0.765500141403645
0.6143152709359606
0.20935325055362228
0.8476343223736968
0.8859295442314857
0.6651731699939504
0.9820172045387563
0.8619183594785417
0.9859403357531761
0.8991583443251052
0.9292401310656889
0.7643598260452693
0.9894251651745214
0.8297826967777707
0.9313556211734481
0.0
0.0
0.9822426048479689
0.7346346028214771
0.9092297051083069
0.9573541531121231
0.5430023168294985
0.7624631171004536
0.0
0.9743166144200627
0.9537129901469149
0.948334235467677
0.906938846594019
0.9601088013663427
0.8303536666210685
0.9084984514151224
0.8560942301126664
0.9771358909289943
0.0
0.8526889241782617
0.9814510176104608
0.8282762824195379
0.0
0.9105922231057777
0.8501988248560746
0.8941718243442381
0.9403366946954703
0.9364663279645443
0.29892605292100666
0.9628968974159536
0.6868497954412625
0.4135934369263966
0.9355390912308237
0.9604120017913121
0.9630541871921182
0.7426919873396635
0.9419350654533845
0.7240431981811292
0.9455228649574398
0.15373324946150474
0.2522182889795332
0.7285772533617361
0.7906807899241869
0.9322870615974064
0.8244311588196287
0.6500619952414464
0.15865552072448624
0.8804855052164823
0.9666980051775379
0.9440805151908135
0.17015021435817998
0.7822230103302779
0.5328779323788398
0.9964347723045693
0.8466321618153007
0.6810599125216154
0.9504812445927574
0.392079867560365
0.9867811468360751
0.9129746572496884
0.762936502150616
0.9114558510218574
0.8529231074118113
0.3624836687658725
0.9794372044746857
0.5054174228675136
0.9348432601880877
0.796928980466244
0.8977311344327836
0.9617213060427675
0.9290958372973847
0.9760134677091337
0.9736427275084263
0.4389707419017764
0.9810961377548774
0.7943847340399065
0.43533082386681904
0.6893120412065881
0.8724870190387432
0.9476593882989301
0.5591860952115035
0.4455407523510972
0.892630740906603
0.99546556996731
0.9031417624521073
0.8927284908049484
0.8494192132150712
0.9796828858298123
0.7226501467880778
0.05389414736585811
0.6015843429636533
0.5346593216448612
0.0
0.8743091651354501
0.8885057471264368
0.5076675947740416
0.9088559274284427
0.6998023531258123
0.9936393655605478
0.7136347642505277
0.5647762804421544
0.9333688972345511
0.6865196626678126
0.9914373621270173
0.9118466136910404
0.5550787569178374
0.9953337332990505
0.8343703251993787
0.9744435677559762
0.3975469161970739
0.9423972351561892
0.9523623773116674
0.9487767078368188
0.9597861921433557
0.7776874141545579
0.618429246915004
0.9958094681472823
0.8929267166067519
0.9166331557253443
0.8028652777150088
0.9753595729607724
0.9782157314957393
0.2739463601532567
0.9882087664301821
0.4496780819212387
0.8861512791991101
0.786763303452222
0.6831297482848333
0.6137931034482759
0.8665320537656841
0.8200159993263442
0.0
0.9532134087754884
0.9137730226431159
0.0
0.702270003994142
0.9056278970072074
0.0
0.765968384975869
0.9767590466949092
0.8704362872327277
0.0
0.6688169799044942
0.9653098262898626
0.0
0.23118140178031285
0.816932632070222
0.9049723286504896
0.7086837173044069
0.878298066875653
0.0
0.8808793938821615
0.9947577231792267
0.9688842447463137
0.7647869449786283
0.3026725785346475
0.9919105899142197
0.8417696472577483
0.6615861595626346
0.8995628453521718
0.9219307871837277
0.8945623342175066
0.9744643119711627
0.5563500549466869
0.9978040940869771
0.33924763539368
0.0
0.4370042297913225
0.9710580955095062
0.5633976589686808
0.9733761286997826
0.9731690920594749
0.5941576354679803
0.9765256624636568
0.0
0.17514871949989919
0.9759828980388512
0.9089608044937435
0.8365535426090515
0.9271299338849519
0.0
0.0
0.9228101466508125
0.7969790027449722
0.940367178657383
0.8239557342619684
0.0
0.26723380733875485
0.9117983963344788
0.743339280341395
0.9822244326554671
0.2843388197008574
0.6624400991923863
0.928475321162948
0.0
0.9631493506493507
0.705587628508521
0.4640238007278558
0.0
0.20310532379497898
0.9476322983193792
0.8467592848840427
0.5137697042629495
0.8114745214433402
0.8218363848094714
0.7510215480495046
0.8973697754422082
0.6906531501956562
0.03253615127919911
0.9491124540822372
0.9021510673234812
0.9616400490380111
0.0
0.9394946670808739
0.2456386165635866
0.6782318256456188
0.0
0.9429992606036163
0.8790736752419946
0.23413999449743214
0.7662685115122689
0.7485874532613211
0.8217716654869046
0.8775839888803454
0.7245556868502405
0.0
0.7300958594062043
0.8581604833256996
0.6779160545040763
0.6081755040846923
0.7747427656034996
0.48491186444164813
0.9913105648132872
0.895906638517476
0.9529020693520411
0.9770114942528736
0.6470830965190243
0.6063757067813863
0.5175133371084553
0.8670624837956962
0.9405190952910641
0.981988356471115
0.9886341465854915
0.8841937788168063
0.6654050079337436
0.25489233405275386
0.4881093935790725
0.9734851996044989
0.9322848465008002
0.8257261994002999
0.7728299643281807
0.9310388810696693
0.5264496464638968
0.9427350364749656
0.9436522729626178
0.5412717028582483
0.9679936093729197
0.9790483311551221
0.9811453343362762
0.6980531052303306
0.9693038994521431
0.908302206015845
0.8172633778804378
0.8404008665449206
0.9086438205046083
0.7620038159058122
0.9842170923908166
0.6314465905649695
0.0
0.6649413958185649
0.656103886616014
0.24958868604913229
0.9679789272030651
0.6662547892720306
0.9895873434893399
0.9894583958020989
0.9735866696256145
0.2058217644424541
0.9558793909120207
0.9666650870625154
0.8204609094613958
0.9633765055271407
0.0
0.0
0.5942023201362282
0.952904688854799
0.0
0.9288352467037766
0.9819129778794442
0.5821410460736018
0.8860515185930978
0.926195905527727
0.8298792522930454
0.8736068398438352
0.9399098746081505
0.6896551724137931
0.9547626215053555
0.9887877129256439
0.8776599707924776
0.9550820532252893
0.9228040300837236
0.9053692905733722
0.9477355879509394
0.9388475499092559
0.9265913826712375
0.8725065561879255
0.0
0.3290711786963661
0.7358388088955009
0.8547861055698046
0.0
0.0
0.77577121689028
0.96318654003835
0.7817369860742706
0.9201875329431021
0.5863873234204688
0.9196934095185246
0.774712643678161
0.9123964333622663
0.9495962263362157
0.9181901506143479
0.8567681511693377
0.9465926758842801
0.763066101882932
0.9692552883222254
0.6198374496962046
0.49609916971154194
0.9724658198972471
0.9043585350182052
0.9556838805477644
0.9677475533982764
0.6252105099655009
0.9456269678173489
0.7468148597550652
0.7730091491610517
0.9642569758360353
0.0
0.4215681249743737
0.9380128469944027
0.8782903663500679
0.9776742797432453
0.9765250603538356
0.9794745484400657
0.9281243395275488
0.9000399016617111
0.8580967708797042
0.8875731945348081
0.993693498619607
0.8779817142074444
0.9566980146290491
0.9748753941613264
0.9834623504574244
0.9305488101019913
0.3850995316159251
0.9335966691576812
0.9462150144831276
0.24717868338557994
0.8676266678789808
0.8954963770459986
0.8284527721914292
0.8304597701149425
0.4600785226922264
0.9624252201384688
0.8516733722789231
0.9305398877337047
0.4859728471008706
0.31695216907675194
0.9961746399527509
0.8833237981311004
0.9431012877020136
0.9431308155446086
0.6248563218390805
0.6068496125768891
0.860601143278628
0.971588216337131
0.8468420428960778
0.7747844827586207
0.49463980880846703
0.9678912984913793
0.35015252731976676
0.15505032172908761
0.9167703883907103
0.9516877653812397
0.9097228101287256
0.8063038793103449
0.9278794316929455
0.9347290640394089
0.574251721257166
0.9042071912761568
0.0
0.9103678615912232
0.9622287295580426
0.923577551529947
0.9141339654504057
0.8784069139672588
0.9347186393076625
0.9493250907441017
0.9811862467034881
0.9925607633877392
0.0
0.9508542374515049
0.9441637545085821
0.993829113306072
0.689123283635828
0.8994464743613027
0.9837170756314633
0.9318683735464184
0.8658451981142488
0.9906110102843315
0.9113408645047465
0.6640141467727675
0.9497219132369299
0.9484887186036611
0.7020527483782861
0.0
0.8043956537356322
0.8465771569219845
0.943436060175534
0.9076508620689655
0.977207005674378
0.8291217325700084
0.916174542655425
0.9279040513160295
0.7941946123158352
0.9204288542532042
0.6927341513846376
0.8274739583333334
0.0
0.8639498432601881
0.6584624746450304
0.939502497328186
0.2923738656987296
0.981632532559552
0.06344412369503322
0.9569226803046245
0.8225574712643678
0.9753595729607724
0.0
0.9291949360005596
0.9665682476907658
0.962108886578991
0.7601980518861631
0.8330597405736384
0.860316711184303
0.9412469756851772
0.9155445004770342
0.9648222195828989
0.0
0.9897604911774771
0.8861442006269592
0.5212173714964158
0.5880776169584648
0.1468990103878542
0.9050531527595748
0.9994975190000628
0.0
0.917786648372546
0.7065867066466767
0.9904015630051695
0.7828381406780887
0.6863100148490349
0.8544500417715123
0.8538620325912993
0.8819080459770114
0.690923045609512
0.9423739583078765
0.9686224052153029
0.898730407523511
0.9282633161749784
0.0
0.8948027037343035
0.9722510298735344
0.6963489894524377
0.2995120743199829
0.0
0.9305208506857682
0.0
0.4310277054868792
0.9308750463477938
0.018439219025200543
0.8433162567926479
0.9719904198843974
0.9219012669646152
0.8661970443349754
0.6421251690331304
0.9975801572897761
0.872962382445141
0.9778587848932676
0.8961783208260511
0.8373415345766009
0.8780803726924417
0.9963195427813285
0.8130741579017441
0.9590125756870052
0.7610254278801194
0.9394904814187618
0.869332736229288
0.9027648337993166
0.964477195585046
0.8790464350367511
0.6682774286454536
0.9163221189161962
0.8755210727969349
0.5402210384637258
0.9173117522871217
0.8869603475774075
0.0
0.9069232631324134
0.9397830851930693
0.7131702238417491
0.6898411581381321
0.8805022479069291
0.8296516567544605
0.835838779956427
0.9254621966055723
0.6747361013370866
0.36619623740521123
0.7084827774482947
0.8845402549926434
0.9273006428178842
0.6477710980036298
0.8261708697889861
0.8800362154821186
0.9063806599137294
0.974578903860026
0.9544383748719699
0.8345525646596244
0.809047322371807
0.9386552805102151
0.9805517944750215
0.9047560736677116
0.8681156271806822
0.8503853556378929
0.0
0.5036304329407778
0.0
0.8310107288491231
0.9712821058606499
0.47593006313744535
0.9486310105445741
0.7383102357049324
0.8942458861754533
0.9339277729556275
0.743756157635468
0.8169562249526577
0.6556148340923877
0.9940286696898682
0.9665895915016253
0.9477939036810709
0.3345328893185806
0.9401051696627182
0.939239400446297
0.28680371352785144
0.8094861660079051
0.9021223008259566
0.8401118681384071
0.9045433646812957
0.8963157894736842
0.9904900181488203
0.7880873767301511
0.8681779480630055
0.756210361398593
0.9088077336197637
0.7325269055251522
0.0
0.9651624970773907
0.6777114605434488
0.5942023201362282
0.6375515591486554
0.7973886992911963
0.8619188954845595
0.9355794041754633
0.7640042223786067
0.38592326076108935
0.5081147250604177
0.9613827701533848
0.9547823003055435
0.61318987565041
0.6161526379667309
0.7025974025974026
0.7297345164089758
0.9149755108098748
0.9062631949331457
0.964805883771401
0.9584212445925919
0.8055273833671399
0.9940361247947455
0.9061491525139219
0.7362375786848252
0.8881322036305115
0.6168078241580964
0.8131896551724138
0.806478578892372
0.8600601319710515
0.9788454289253083
0.9315145483285522
0.9196987713040031
0.8808575184548488
0.9781921054976388
0.9780028298920449
0.8925023985552232
0.914846775997457
0.6875874762415363
0.9400551555723969
0.2509872254110742
0.8234630623116149
0.6630075167153476
0.9624480041248319
0.7860386539193204
0.986911961833592
0.6147746734490427
0.8231347798214012
0.24432980966009632
0.9397472877160987
0.806525534701004
0.8820283082360331
0.0
0.8488143094228287
0.7761734165750146
0.9377791403348639
0.479728110125672
0.9505162672900838
0.8115058632300012
0.18591645037696206
0.9199516031457955
0.9920008804534335
0.9866908650937689
0.9028404067197171
0.740311986863711
0.9028975095785441
0.9392284055991806
0.8925869049281028
0.0
0.8212696647068171
0.6530584192439862
0.4075423883240879
0.9464382228948222
0.0
0.768223084345891
0.9544767875802359
0.9825864037159503
0.7866907704207364
0.9312542258282623
0.8774237501310135
0.617089741822407
0.9059912907462817
0.5187715981981771
0.796274276654776
0.8606085192697769
0.9105481657205795
0.9162856121766382
0.0
0.6372538396944497
0.8635085478703144
0.746354095679433
0.9601797653064055
0.6535476329631794
0.8896018549517043
0.8166181969256335
0.34147993343395644
0.9243189089616392
0.8602459981770326
0.4797226814674854
0.6390993273256276
0.7293941141734986
0.8326027803888587
0.959904175701196
0.7627762606645522
0.0
0.0
0.9852314137683136
0.3916645860496944
0.20481387746493726
0.8762891778154639
0.9540725326991677
0.8163140651896275
0.9515218609482416
0.9758903552581566
0.9021934555915139
0.5356355448006991
0.9306444063036355
0.981786540039281
0.8421057471264368
0.0
0.8858516483516483
0.9476109052911561
0.9679910984357445
0.8371682943209061
0.011111595487549104
0.980554004374331
0.9535072207486001
0.5420145016623373
0.4444510503369005
0.8923382260854799
0.5607931163486719
0.9457824379346377
0.38191981306972805
0.9823452099314168
0.0
0.8238018582846169
0.5942186589730074
0.6645294861513787
0.487397245649621
0.9713253894288377
0.6468207133546628
0.579028987236073
0.9468275862068966
0.9619787009530751
0.8819080459770114
0.9648856370333047
0.9532914233282496
0.9628055875864175
0.7122774397115168
0.9150510204081632
0.9528330721003134
0.39582387124573476
0.7379675711972192
0.6864200454717696
0.7339791875906707
0.9407523510971787
0.904602493273911
0.9584606735093991
0.9943521175048269
0.19177092869494455
0.925678317303933
0.8291788657558014
0.901824439586387
0.946970958964962
0.9436247603540194
0.9968967757836481
0.9560051147172871
0.9442159186482147
0.7667987336732953
0.9081875828912467
0.7994420918195873
0.765560077104305
0.9651120636342311
0.9048663487038359
0.89441494466125
0.9220919447943632
0.8755177640433288
0.8605501948445978
0.8187304881509863
0.6456052824651504
0.7749810262332948
0.0
0.9115297563573426
0.7494447691408533
0.9312399967615975
0.42851349118529164
0.9955797714418404
0.9117599095189247
0.8615649072015716
0.2191649044594085
0.9894331524970273
0.7588067870826491
0.8709180474697716
0.8891675274114095
0.8887767210385562
0.9388589789767019
0.9210528934666866
0.9068898819449076
0.9078238658448553
0.7315753887762001
0.6524474286509111
0.9575536759921925
0.9089608044937435
0.9217732052642031
0.886139122219712
0.8107778625020005
0.9055928356844305
0.142849017059799
0.9511658983624446
0.9551551360395751
0.9724454510033119
0.7888702707469795
0.5430288909599255
0.7262339953441
0.16808576843653644
0.9580360681728102
0.9019110527882844
0.8892296066499622
0.682887604493208
0.6426317134697234
0.8957483983692487
0.9948340436523312
0.7637796598776635
0.03397008670842342
0.9156015418949077
0.5857744783306581
0.830691863322625
0.5291153415453528
0.947276828875282
0.8902110478465158
0.9679462155714595
0.9515090408012368
0.9734203375559722
0.7238936611977365
0.9986302817473866
0.0
0.8302021403091557
0.6934591270798167
0.9443496073745306
0.7917712052013323
0.975220745422437
0.9096738474759745
0.8977348940208795
0.8945918745696276
0.9619544749250538
0.7375130616509927
0.9774537625066695
0.9708602098388218
0.957998508120571
0.9881757387828296
0.857889237199582
0.8676363005120956
0.993925421010425
0.9635593397481902
0.9964790079987753
0.8845251904410398
0.7739022881880024
0.64692097126765
0.9517966242104173
0.9610091902927098
0.9988822773903006
0.8664974871871424
0.9349199518526141
0.9293044804128548
0.9874171725274934
0.691105257556407
0.8289152424136729
0.7346069462267666
0.9363972365452787
0.870302757118173
0.49362313211034015
0.7054666244859221
0.9018808777429467
0.8651618635126881
0.9076064225299749
0.9943702576816167
0.679754819559917
0.9520916339259745
0.5529505407787487
0.9566397652237711
0.8295443399795429
0.9125134195044445
0.35782493368700263
0.9946058144865032
0.0943354871885656
0.6661301469518406
0.8229480526726928
0.9321367322133236
0.6907515975403906
0.9271027164223262
0.9695484556790767
0.8693586107379211
0.6668301796652392
0.9214263322884012
0.9927004030452307
0.8849387990370596
0.0
0.9436361395992493
0.9455881391514059
0.1485008215431779
0.9089447757324345
0.8938493519197848
0.9511579860516614
0.952537850997132
0.7436204603815114
0.951501290171241
0.31127164041436073
0.9669198567174485
0.24604650289234467
0.9208997162811
0.32685563997662187
0.9763446876967196
0.44425225359272896
0.9600313479623824
0.8626920062695925
0.9431415044441864
0.976814818397253
0.9447217444643566
0.6077819941703789
0.9373225152129817
0.9574427036934059
0.8410769072679497
0.8946185997910135
0.9908361173783509
0.04823014629049112
0.7925440622444093
0.308521421107628
0.965129594396496
0.978268804905945
0.9476628352490422
0.8307240058131854
0.9016022291884361
0.5372465940942572
0.8675995335665501
0.7744200626959248
0.9857056936647955
0.8637274220032841
0.9864843440348791
0.42170977011494254
0.9218696864585458
0.5861046102482693
0.6214459247648902
0.798982431252728
0.8055301430917194
0.45350683148991544
0.990628783732232
0.5198637569327225
0.5349220753032006
0.9926432382947489
0.6009425287356321
0.9118237951465347
0.0
0.8960634726884346
0.9280126065999258
0.5998515757136447
0.9351526706052569
0.882475585515513
0.8954441494466125
0.7135486499499981
0.4905089919155255
0.938279171825392
0.871020460560098
0.996418151780379
0.8686082286646891
0.9747150216823021
0.9730953930043065
0.27308855693610684
0.675326770426589
0.8447798592053454
0.41691837143047705
0.572496161473994
0.9026440233336785
0.9777680549098964
0.9708861352666707
0.949508881922675
0.5092924317062248
0.973596979881221
0.2502533543354905
0.7947345771558665
0.9128998820065503
0.9883956442831215
0.9608718342044296
0.7495648727360458
0.8841258318209316
0.8005752198922604
0.9537335228489652
0.7439891976863702
0.9319499542264266
0.9426837237357998
0.8791870500735791
0.8622261817419558
0.9101479563248679
0.9653626509530046
0.8564964042043149
0.7146245059288537
0.885274248840492
0.7736241326341438
0.7676539078403554
0.8208436631357524
0.7242083040112597
0.7529269847834703
0.6535453734320055
0.6314709595959596
0.13301682492087288
0.9747985820174025
0.9049142969967956
0.8992269946897896
0.9767907653570086
0.8801415838029378
0.4870463588136002
0.7197151424287856
0.8625814285252608
0.9549742073355758
0.9744556388219264
0.9535936054961025
0.0
0.990492948499094
0.6771984250089488
0.5585568630018166
0.9448275862068966
0.9724418805634777
0.6207204472773181
0.4257114161365919
0.9849284874608151
0.9232996675044098
0.0
0.9984790213588858
0.8988527475392738
0.9111624600071099
0.8719433852785146
0.9466916703985669
0.0
0.0
0.22666439057698873
0.4021433015685889
0.0
0.8246238510625842
0.9738669764941518
0.9097197015527324
0.93017326145187
0.9732473639213451
0.9901449246361876
0.9320017913121361
0.9136494252873564
0.7410651826173746
0.5215731686395608
0.6593672066623664
0.07273947741342018
0.9542295448470268
0.836876013718785
0.4408299471067626
0.8401178185713011
0.9037876087795895
0.970791131099275
0.2638112522686025
0.9894709833496752
0.9870697551022987
0.8921788293637457
0.5281107322655356
0.8116280775082952
0.8767750530074768
0.9826702033598586
0.9936617405582923
0.7472038254437628
0.5475763647228373
0.5933977011494252
0.9802133069714588
0.0
0.9034327197303604
0.7489928303175145
0.9959878551290392
0.9453598494692961
0.8096238244514107
0.881198383858918
0.9773941516388877
0.790153647665963
0.9976489028213166
0.0
0.8772192729340369
0.8772623765304312
0.9479154768703598
0.9203268641470889
0.9650556060712038
0.9371910417169038
0.9552023919406117
0.22187296681847754
0.9229271367202402
0.9068147480362941
0.8656236696466582
0.9215751287252302
0.9613150204558738
0.9491674498180679
0.9746755654430849
0.947692206312896
0.6151559934318555
0.9225002042445153
0.9114284003831418
0.8923251221505513
0.7213162773451983
0.9452557534979739
0.8935812703035735
0.2625670498084291
0.8868938805833104
0.9792556210139445
0.8719579604137325
0.8639719989629245
0.9080112225360657
0.0
0.5950402298850574
0.7555675287356322
0.7705721003134797
0.9640160250323304
0.8496838086147238
0.6994410442686305
0.9697614700813868
0.9270391265351448
0.0
0.994604738447103
0.9655858637845256
0.3535457688062237
0.0
0.8937273298834454
0.8425977011494253
0.9026939999779452
0.9384523585201935
0.9188027329420396
0.9878756466152423
0.4340120235934664
0.5786480064362827
0.919772491573762
0.9361478790729683
0.9500971833001695
0.6653699648386898
0.9116436708722366
0.9336099893927834
0.9852314137683136
0.7848535409714498
0.9688328912466844
0.8492612394608765
0.9582133353774049
0.8305170483067537
0.13954180136494254
0.9750196678128508
0.9470498084291188
0.9636324744930905
0.7251231527093596
0.8677563427513014
0.8035537118658715
0.12147352309624115
0.9378464447429965
0.8903329529331935
0.9266547998509749
0.9500666619332749
0.9496006635857329
0.8672855879752431
0.8186953592148254
0.4680473174491471
0.9741544457656229
0.6605898629802083
0.847895344226065
0.9549363791746928
0.9508603323649231
0.9309666700573017
0.9634424980959635
0.9526632371459958
0.43760206375878635
0.9024736479686424
0.9059414449015956
0.3284749377888375
0.9762832082581299
0.9322716699470872
0.878698553948832
0.8514237199582028
0.9612957696409528
0.9962328694807526
0.0
0.8912332877850119
0.8206674321271158
0.9286317855923524
0.9890776900706273
0.2098703839569577
0.6384072654031886
0.9096931063004478
0.9044677661169416
0.935099407178666
0.7399231589597747
0.9395502389254811
0.8383073354810974
0.9477693094153732
0.7073236317621006
0.9379726255293406
0.6896408879238922
0.0
0.4932639812169387
0.9788454289253083
0.8572137280416395
0.9622435617634221
0.904858934169279
0.5759876762649603
0.9815743202987633
0.00937210499227998
0.9230206611896986
0.6964421046933362
0.5758923139498907
0.9443916304170388
0.4398530601534997
0.9936104629389566
0.6991620402950453
0.9308512410461436
0.0
0.7850102867994866
0.8717917027149508
0.5235754463193935
0.9283301789533613
0.9307918742317397
0.5935681095622402
0.3754602515954513
0.7839541314248536
0.9712820095265237
0.6014195807026065
0.9792549121210843
0.9086458963500705
0.9743158362367188
0.9524332759313208
0.936319427698738
0.48611471206752516
0.0
0.9599505418112735
0.42053639846743296
0.8576239224137931
0.9208037825059102
0.4081760603928092
0.2709750566893424
0.7919208712475445
0.9862595568731471
0.6392764343526618
0.8022461594745616
0.988818895485881
0.8634739196857267
0.7270415445871835
0.9360418800500739
0.3614114080645521
0.9114735561512173
0.9375316382212934
0.0
0.9166953180301345
0.9369305675982125
0.9336379336275613
0.8949272311341276
0.9251944500091455
0.49362797364484595
0.8907795193312434
0.8736974970458696
0.952568058076225
0.9514904250501391
0.9355015673981191
0.6261292659258956
0.3288930470165434
0.9404147719162299
0.6819990589500571
0.9783146334870473
0.7892681363688708
0.8347430058555628
0.9526109181281595
0.6301223581757508
0.9244004850233993
0.9167119777111811
0.9256341258172202
0.9212626419522971
0.5976388740614214
0.703964267042484
0.9678946241165132
0.9176005054367705
0.37327393062244085
0.6716736328805294
0.8348429471899995
0.9997027805936958
0.6447368421052632
0.8669685455532383
0.9340531754324858
0.8395618736149405
0.38079888627115016
0.5932503962208989
0.94241810199257
0.9468638610449202
0.9155890804597702
0.940757999378689
0.0
0.9255131233880232
0.7678043631245601
0.8842568317808895
0.9978040940869771
0.919892711354603
0.6042056650246306
0.9472532444448548
0.339884193241725
0.5216814335887612
0.9799629552693533
0.6857339559386973
0.8469040055371182
0.9235403907430931
0.6673819340329835
0.0
0.2528884018765195
0.9539314413589666
0.9953876963514613
0.966929210533215
0.9728942945299369
0.9680947405085336
0.9602048837640131
0.9044292286846267
0.47488062735287395
0.989915797914996
0.7217704580545549
0.9551786555298951
0.9527089072543617
0.9776149197407641
0.7326197671025257
0.6820849169677986
0.8537338473620333
0.3716721031376204
0.9550435696605974
0.17587582538517976
0.9742574364991418
0.8392129930841707
0.8397595769178229
0.9997133955724924
0.8437562364111882
0.9739122297089003
0.9613636363636363
0.9033912427427584
0.8641849529780564
0.8816331756328342
0.9917317929550346
0.7086340847334379
0.9316932335718933
0.8967382090665582
0.8944875767895665
0.9493729747010187
0.9153974685041699
0.5413765473032714
0.9823657507183908
0.9655049611946164
0.9491468434016075
0.9825947144128253
0.8228604071458246
0.9900827232746725
0.20543953375424964
0.8911321437183506
0.8915665273423894
0.600397447380206
0.8791366987071766
0.9036706230141935
0.6444382787233489
0.9260007234145166
0.9477939036810709
0.9112079326923077
0.276575997715428
0.9686721647202081
0.689578758168849
0.9962887200467563
0.8440380184331797
0.0
0.8760655766341753
0.9651094135191892
0.44137237565229454
0.6883684227363691
0.6512420081752437
0.1450059780236464
0.8827257799671593
0.9057947419832575
0.5324584671227139
0.8563825706723946
0.9639486032300305
0.8758546821113475
0.9264499495805308
0.927113393657781
0.5436639169639318
0.6379145084448054
0.7160127462467559
0.9802531913766619
0.999560329125055
0.9391601229088427
0.9418599791013584
0.7983345213698061
0.9457870504523649
0.9383207042175723
0.8430919252153372
0.18030516905290045
0.1570445837687217
0.5056008610340688
0.906251347630658
0.9013929727642639
0.8279954168485377
0.9085613895077533
0.3296968038347349
0.7326483223034947
0.6742832606685163
0.0
0.467892840696698
0.8208942045567422
0.94172202889381
0.8795942497561757
0.6601940857899512
0.9252518489210823
0.832256157635468
0.7106702219008452
0.5075958524234386
0.8228779474276129
0.9724710712952594
0.8826515436933632
0.9694547504728648
0.9689039855525595
0.8265733033866208
0.04016305800588078
0.9631028001037075
0.9196357665323183
0.9962658081986575
0.7434197980277405
0.0
0.9336721113127646
0.9581847309399375
0.8679310344827587
0.9086936407957013
0.7433135463216167
0.9785156473974519
0.7386533152154051
0.7863553068888873
0.5732796298529057
0.8153449908568443
0.8628228988953799
0.9024007951678263
0.9237259439020261
0.7534430982706845
0.7623513052915392
0.0
0.4962949413092473
0.8881622257053291
0.9596201364558362
0.987269338303821
0.0
0.7508498721776633
0.8823931074649047
0.6705337918179773
0.992406971943492
0.8733603786342123
0.8148962148962149
0.957853597473108
0.8064554244865003
0.7601525385386032
0.9387676192484797
0.9794223936041347
0.3946758168209498
0.7987129090577366
0.9607495592500616
0.6659437290848247
0.18123899089416332
0.8096379832445761
0.9806988098870919
0.9393180328695302
0.8763024675943792
0.924741965751818
0.9615991181494234
0.31078556641004074
0.9773818911749946
0.24825147696161562
0.8269982170630856
0.9521528918080642
0.792787459230149
0.0
0.828451365714992
0.9475252116362607
0.30583598003629764
0.9490999579872669
0.0
0.8730401554744334
0.9927574478067089
0.31321122991370104
0.9336457984599933
0.8611276258422513
0.9763216361810269
0.6328943530837053
0.9774543378995434
0.9677166455484314
0.8607639789127992
0.6501336541031809
0.49267932878480547
0.9323990051757747
0.8987096490069142
0.9781577667279213
0.965916447283242
0.7882967802749066
0.8819010704315867
0.8954892764345797
0.9797948357061658
0.555299458178294
0.7897919859324478
0.9529439766743031
0.8102477321275002
0.21576354679802956
0.7738210549620855
0.5734214300599434
0.0
0.9134516899965859
0.9650452203365402
0.9283932300772059
0.9384123727609879
0.9684367343152288
0.1392705902687754
0.35983772819472615
0.7960946377705193
0.536569119654732
0.9821490769766632
0.9288694693749016
0.9786034960359156
0.9203191444570755
0.9326009561590886
0.9089337646151107
0.8622907418765745
0.7931524294670846
0.9182444408636803
0.784918529746116
0.6078958268613441
0.0
0.9780511227988297
0.0
0.9039505022263643
0.6611470512592241
0.0
0.7778661621037186
0.0
0.8912725053402503
0.9494260619016637
0.8966496467790446
0.7394471081291037
0.9343376718503493
0.9918060771594401
0.9515191234791961
0.9653092415240059
0.9510099319272403
0.9430829625253689
0.9738581116436054
0.44784135150166854
0.9412781481746999
0.93717868338558
0.839363925387403
0.9598794961611146
0.9846756309345327
0.8381610136012191
0.8912750188612257
0.7049007236486312
0.8758192786173499
0.9927628778203491
0.9902640004198814
0.0
0.33344325105206957
0.9063792605094505
0.48230321223316913
0.8399502951227089
0.8862774127880078
0.9507263496531617
0.9526887057097234
0.941597265803891
0.9635408540073854
0.9846639180409795
0.9760352437404106
0.8810676199465788
0.9304550399697271
0.9507656274602425
0.9467509805616909
0.6772480924779776
0.0
0.6272690305790501
0.2151109995937582
0.9063067150635209
0.799703374119392
0.9461836112728145
0.8616231278300244
0.9239740062057257
0.9472147802456332
0.6065115767475114
0.9725612857288171
0.8701420253144391
0.8825113858165257
0.6191726377071205
0.8698046794810813
0.9528156090022216
0.9441447675581939
0.9275862068965517
0.9368272959615587
0.7959342440756942
0.9649355266134505
0.9203248375812094
0.8820330274727902
0.8562574871048542
0.8281371898892183
0.5414503330721003
0.0
0.9862866084081247
0.9582976402047401
0.9255544313489568
0.8713448275862069
0.9212796256738888
0.9978191541006625
0.9551998871365351
0.9423897177304695
0.4956779782404265
0.8126638435168381
0.9802531913766619
0.9641322196044835
0.0
0.9762655949849244
0.7637540847680827
0.910945645276593
0.9417376571087851
0.7800842316157797
0.9167059891107078
0.5276158694846126
0.907823184926524
0.8647428767006076
0.8739895014335114
0.0
0.850729128549295
0.9375076047015307
0.937348116347309
0.8385431758910461
0.9088557993730407
0.9442177333424018
0.5012270220061237
0.8027063167112395
0.7241125066285058
0.0
0.9338113961886981
0.9509381338742393
0.1439525911784592
0.9689503136356725
0.7867676344198722
0.933892752027298
0.9422547730372102
0.7220295787156814
0.9348003309566106
0.9739335447868785
0.8199451410658307
0.9210860229719732
0.18803076983844846
0.8262963540854007
0.9244621493917764
0.9035770668882426
0.9619165230450497
0.8967822304180011
0.8820077210445239
0.7019526912029799
0.9599899023390402
0.6269678148952593
0.0
0.3504873702966146
0.969676709346082
0.9492058315455838
0.41045506341656757
0.6703811252268602
0.840073678792968
0.9349914542376451
0.8208336754868581
0.0
0.9363248747774972
0.9772115524516223
0.9226971583652618
0.9138319990947922
0.9221272496707799
0.9727405714618419
0.22825851225330732
0.03427434418268115
0.9376981693054588
0.7397817699541838
0.842365025074291
0.0
0.9342941160152024
0.9324008881635132
0.925747720455018
0.9703235338852313
0.8711707677224919
0.9815495433087028
0.5529556650246306
0.9602818084865721
0.8496226634157669
0.9934454867074765
0.7201717347556083
0.9037228754044031
0.9477670153687201
0.9785878489326765
0.9583551539738152
0.9070428167057759
0.19608531600461168
0.0
0.9073531088931156
0.9286445885967907
0.8809621834394393
0.9753755710918882
0.7923528632610711
0.5431914673293984
0.9600976166328601
0.0
0.9615503660516326
0.8703529455176103
0.954684162343607
0.8906094122749946
0.9329501915708812
0.9177750410509031
0.045550286929597276
0.574251721257166
0.9587124840357599
0.9400441193544642
0.8289051058447611
0.4195541006648727
0.0
0.9197822141560799
0.6929163591424795
0.0
0.9248571677155535
0.9792755137582724
0.9660275002685573
0.7948764484154683
0.9988416329317661
0.9481843958657276
0.9341614420062696
0.9288457014182967
0.7048424175009269
0.7842458081304176
0.8622074504916216
0.10351193074348901
0.9154159519725558
0.8789169873556899
0.9479587792310741
0.6525236193484935
0.8690710767065447
0.0
0.9338306382817387
0.591498933791023
0.9554805347908796
0.911010371251156
0.6148890603730068
0.8938105298871137
0.0
0.9121870105105446
0.8011033016577016
0.7849773548503131
0.9824981480153894
0.9572964326898039
0.913255479627405
0.0
0.9240146593369982
0.0
0.5567353793645204
0.883652911899427
0.9178832878404661
0.7551773250896312
0.6320532915360502
0.977774839815475
0.15373563218390804
0.9201895043731778
0.9556173526140156
0.6734276929331944
0.15539133315977563
0.980462997406277
0.9876456227898545
0.8824532178355267
0.6462637485136742
0.882137494374663
0.8519717258389167
0.908833546189868
0.9171056599979893
0.7334942528735632
0.9572557471264368
0.0
0.696167104490185
0.9483131590546909
0.9603331780055918
0.0
0.7780926551170643
0.7933465549229096
0.9265187413216203
0.9630544659758407
0.6335121912727847
0.9910640291139696
0.9871171171171171
0.883046768626706
0.9683023872679045
0.7094420902536501
0.8753235994615305
0.8100075486243836
0.8586619406291538
0.71730691671708
0.22778821934972446
0.8881419422616742
0.6521690135324495
0.8867982629789534
0.8845891868880374
0.813670424843333
0.8860168412629128
0.9830106876386369
0.8058110700416413
0.9206625790448241
0.9811862467034881
0.9835577105398596
0.8665595773541801
0.8899882445141066
0.9279009304871374
0.454995390005532
0.0
0.8950610814147131
0.8329155020593113
0.0
0.9410667473280904
0.953800087674327
0.916575770346315
0.7739345530111165
0.9157163649158723
0.9545778834720571
0.9854098579337024
0.6403932946486138
0.47185598377281945
0.928860592165732
0.6474605995971087
0.7931844838248779
0.9314672765657988
0.9446716169938629
0.9865108123904149
0.966464937220066
0.9019019963702359
0.8660049627791563
0.3390130533917131
0.9738648775159932
0.3413348164627364
0.9625846224757295
0.8019388616283152
0.9036709122916019
0.9244323315941353
0.9407760004427963
0.9080120906527868
0.8057554518349698
0.8320057243273389
0.29747260872487735
0.0
0.27517924206213723
0.9360396848989299
0.0
0.9834049013229235
0.9161002764908777
0.9365819020991435
0.9430241473841209
0.7426531440162272
0.7865813960187826
0.0
0.0
0.9960034350640772
0.0
0.8477260084009901
0.9477317965536198
0.440168391266957
0.9029209054476593
0.9465834093262647
0.28976848394324123
0.9441016893310165
0.716036655211913
0.8746931146077447
0.9864053780324503
0.8806922625643699
0.8539351921931922
0.7488279563259516
0.32540267695099817
0.8719568025375648
0.8587484035759898
0.8588669950738916
0.9631570666053425
0.8300781315241826
0.7846564871159192
0.8121377781175931
0.3746611438645713
0.7083176593521421
0.8341019309154741
0.9531381311278597
0.7653911648164522
0.8276224525100088
0.9247055219175542
0.9374306044256783
0.8414027680037532
0.8428217263917062
0.8426046280581198
0.8530422047663427
0.6420768879578902
0.8605874291640431
0.7947265359121229
0.11984257304454349
0.9718489326765188
0.8670558681838089
0.9233814215341309
0.26384639875967275
0.8676136410586942
0.880761639382329
0.743339280341395
0.942261427425822
0.8880717458379954
0.9557340822245753
0.8011645992185426
0.0
0.9236278573571738
0.9108815484084881
0.9495489948076155
0.2252149871940567
0.16654411290426616
0.9157257879699937
0.76235978396344
0.9828717396043717
0.9691972195720322
0.8931279041330399
0.9731222300937443
0.38796218109331526
0.24266059610887197
0.9169881993878595
0.7632280151790134
0.9098013997033741
0.9762741914174541
0.15245125749564947
0.5258310273875408
0.9552221144060776
0.6404171347910005
0.9229989550679206
0.9707863669712532
0.6036182522577996
0.9612166927899687
0.1909960646372419
0.9523963416604725
0.4855256181187091
0.9548384214112574
0.9927004030452307
0.9684360944527736
0.996439242152624
0.7745258029421503
0.9830848954001663
0.6653699648386898
0.5782517567764185
0.9099518675995135
0.8905645457369595
0.9086830078936435
0.9328605015673981
0.0
0.4404023678436892
0.9058525108447908
0.0
0.9506981671979137
0.9802528331006737
0.8754789272030651
0.9199244242347691
0.6343717345872518
0.8634413300172525
0.0
0.502013769698861
0.9859379260765017
0.990636484478849
0.4358309567021001
0.8444699123230825
0.9719479882700159
0.9352741082289044
0.9521515459831407
0.8208597231996246
0.9374657909140668
0.9519753844791615
0.0
0.9043829733484906
0.9546342737722048
0.908596208994894
0.941695482140213
0.9512219104310534
0.9270022246941045
0.8386470085630001
0.9865160349854227
0.7027546963776894
0.9874971136083743
0.8729048187089078
0.9773372950712852
0.39640309155766945
0.931088561241951
0.9870713351405661
0.5159935477980339
0.9854031630801141
0.9695096884776444
0.9643259648845303
0.9080733997786983
0.5993306028977848
0.4215579324535263
0.9248928901723195
0.8498810939357907
0.0
0.9587508360095681
0.9749782671689365
0.8532814238042269
0.0
0.9004877350596733
0.993491833030853
0.9212903624318607
0.9304981276330161
0.9476852560404673
0.846871667259154
0.0
0.5290867217405658
0.9624657026325547
0.9630453590409096
0.647251245390438
0.9322977125298737
0.9329527909044121
0.6495554109737584
0.9239330535650659
0.8362717512771393
0.93096171070309
0.8852174671917442
0.9322218890554723
0.7715344597394227
0.9583079208694972
0.9065947756751893
0.9964621713116044
0.8614301544879734
0.9514050977916746
0.7690963165967254
0.9320641973805683
0.8726862375263981
0.8451923635635843
0.0
0.9278378052353133
0.98556572054109
0.9175509404388714
0.93599537389293
0.9046123568452568
0.9032979522997672
0.9728494897094225
0.943527271113478
0.4529183001534398
0.9348996276509632
0.9093949106074063
0.9071835769903067
0.9824421457865485
0.910860825596817
0.932556405789488
0.22273070754426008
0.8603962052237915
0.8191149668294817
0.8692772894598453
0.0
0.2115981629720854
0.0
0.9221663565461815
0.8418991459131545
0.21469294134512532
0.601559934318555
0.977012844928887
0.9693726978209737
0.7501953364022329
0.0
0.8830300354801263
0.924787072418397
0.9331514798156477
0.9463389581804842
0.9454886518830276
0.5227997227997228
0.6419303876200428
0.9184547101925047
0.9199630040118012
0.8878899082568807
0.9540429785107446
0.8531237051701118
0.3967179221262706
0.0
0.8904554084002088
0.9797231301274596
0.9260267527055186
0.9612468071519795
0.4680265927642239
0.9024946897455597
0.0
0.7120298562955324
0.9497618369091724
0.9131374175455228
0.0
0.813448386703466
0.5320606189548794
0.9772680937818552
0.9619663852284384
0.9611261784837918
0.5702999237481996
0.09782533932501834
0.7900633356790993
0.7150783699059561
0.2649164810073266
0.7267380159352143
0.9936728883264789
0.8869064015559396
0.6746751303482839
0.9493872151259054
0.45386597353068037
0.37536392165759225
0.8143367636570065
0.9935306796309284
0.8195564267066371
0.7921310711134052
0.4814982859447469
0.8492767700656714
0.6395399954280891
0.7891439989212645
0.0
0.8449839176295125
0.9003815617964214
0.8956861460721471
0.8783186369393265
0.0
0.9147622267297724
0.9943521175048269
0.9371672388913769
0.8098873448847715
0.8858412113660373
0.8840675580577059
0.9635992893483001
0.9598507763662029
0.916499841516107
0.5283802273620472
0.5943256441954461
0.7836028179928077
0.8348371268910999
0.8630826755297051
0.632233112895607
0.8956961323636626
0.5603470050779107
0.7220956092834808
0.8914234583668386
0.7983693226202433
0.4110235261892443
0.9161710604067783
0.0
0.891645988420182
0.6966702319438796
0.9726419676157138
0.9620062881223789
0.8162633881922675
0.8803026819923372
0.726241213261748
0.58850922421244
0.8990836995717827
0.06394277608670412
0.9335966691576812
0.9101151178796567
0.9955300127713921
0.9170327794431584
0.6440523426832956
0.8124962047278248
0.8450414601507713
0.9301734012718726
0.9271558205859476
0.9356214493328049
0.8223353812660283
0.9562229818035589
0.918394681453746
0.38925052779732583
0.0
0.8846099753237953
0.852719557415082
0.9551596828168194
0.7331804385095921
0.9784450687602627
0.10115001685981508
0.9835507748357963
0.9191916426670754
0.8596322269980287
0.9666717980295566
0.892182138727228
0.6445153832858007
0.7228273150449677
0.9627171898385386
0.0
0.8460838600444667
0.9116131589377725
0.9448989790818876
0.9976623124435183
0.8406848659003832
0.9909255898366606
0.805360575181449
0.7732732933960537
0.0
0.875099176075679
0.9037523173896923
0.878106223876698
0.9045286609941783
0.8937400630750384
0.9569335215433219
0.5199671592775041
0.9525061516162739
0.9094287331072802
0.9784583025106728
0.9235956618464961
0.9469871125043539
0.9034452633904364
0.9648592759694918
0.8681963436385256
0.4033550792171482
0.4491623292127521
0.48945178046185617
0.45007725122371406
0.9589231699939504
0.8288819267021273
0.8394902071890108
0.8636853448275862
0.9082009774716518
0.8283121597096189
0.11294475655430712
0.9304122374902775
0.8896976227795194
0.841423277432322
0.9607505070993915
0.9400821230211768
0.9930392767491459
0.9843727072633895
0.356110720150129
0.9595621597096189
0.9382531760435572
0.8681140911025969
0.9329398920611379
0.31118924680574206
0.9832268575533661
0.6760624297628202
0.9292151280694367
0.9394569366097364
0.9049618048118798
0.9446885701691927
0.8343655610713571
0.9924700409900288
0.8919474585950885
0.2390291108741162
0.9225752508361204
0.8241509875692784
0.8510373127830024
0.9375880805167933
0.5504515134966453
0.0
0.8524915230711269
0.9068403942358717
0.4633317144244779
0.8876257841775084
0.9601097178683385
0.41968652037617554
0.9259791400595998
0.8668582375478927
0.5976413966929579
0.0
0.7948100327664223
0.9290028936580661
0.8302188929148177
0.9634000924731706
0.766612384480723
0.9764232882419059
0.9278276827972568
0.7361357154954979
0.9217364366891373
0.7333991994496794
0.9660275002685573
0.8330488221235917
0.6944775035162831
0.6595215905560733
0.6974734854794825
0.8111018045544454
0.9561557835475388
0.958403665300217
0.9349477533960293
0.8826867816091954
0.6956246248249183
0.5459507584837174
0.9947714112868378
0.8230524672197452
0.871496698459281
0.8850069731899782
0.9857570492140961
0.4910358916558064
0.7306059226414348
0.9457824379346377
0.9356439464949329
0.9477317965536198
0.8761328470380194
0.5066128257542755
0.9468275862068966
0.0
0.6038010697621486
0.9892697351006204
0.7469329136937956
0.822431941923775
0.8960833063092278
0.7619991683744691
0.8564371706796505
0.9780143183494325
0.9668439319301388
0.9888577242479238
0.8325610350240892
0.9825927470569278
0.945854067872685
0.7572202822639313
0.8852321742692595
0.898730700495122
0.9100736929922135
0.6116602438983701
0.8119850187265918
0.8778842871024503
0.8839119659571503
0.8853776236881559
0.8647914824638963
0.9007915591681231
0.9152680926079941
0.9525186715398062
0.9537455410225921
0.2066977517530543
0.8694943808244301
0.9223020159455556
0.0
0.9475559230083235
0.9499958907165417
0.636698871926266
0.9061098074703875
0.0
0.4543963741776369
0.4471287682730643
0.9704655394310566
0.9905105586741513
0.9433457499120987
0.9672643146327357
0.9897792534539159
0.0
0.9108947097543137
0.9025829039503237
0.9431766242999802
0.6659462103335911
0.7972469270643713
0.9807750991760756
0.8434490525007766
0.9602707695380109
0.6712982741667515
0.8681075730077545
0.6168522321911145
0.9747576915767469
0.43773442056836487
0.981687887818156
0.9697395451210565
0.36571018651362985
0.49406868031479223
0.7780742291114059
0.9582158606231476
0.7718360871647509
0.9871929877955992
0.8940091357829857
0.9712965299528453
0.9356321839080459
0.0
0.9329153605015674
0.8951607685838131
0.0
0.784220731579499
0.9468162879272002
0.0
0.9589495178071051
0.9427296415351646
0.9063828891415099
0.6593596339419912
0.9562813900967405
0.0
0.8270475873174524
0.9209984559958827
0.9437991652789487
0.6863100148490349
0.943273249738767
0.9639324148155722
0.6160025724454037
0.9890776900706273
0.9523564830487982
0.8019270747401419
0.813928721006761
0.8159559479968753
0.8846732394826768
0.2973245477782683
0.7825549499064056
0.8867836905449493
0.9554933853827803
0.9380268199233717
0.9940934083457716
0.9935776045565978
0.616368460861263
0.7848691200618179
0.5358430362740707
0.7919183265510102
0.968634942000871
0.04820348446466422
0.9223627159428844
0.8959168671478215
0.9306603807849604
0.0
0.6985204206407435
0.9398233809924306
0.9352302869544249
0.9695216907675195
0.9107758620689655
0.6941856692621431
0.8780735697492164
0.0
0.7677425707477501
0.9261685823754789
0.8599558806455359
0.8661175485131928
0.0
0.34936083360189063
0.9521436781609195
0.7724425527019643
0.9659804426145137
0.9385775862068966
0.7924037169726825
0.9569872533922423
0.0
0.0
0.9492927045763531
0.9728234728234728
0.9047266652818169
0.9730809882415115
0.9054154351395731
0.9525245114386713
0.934266657532711
0.912630444646098
0.9380370826491516
0.9248163994682667
0.9648933756805808
0.7476954592010925
0.8858284743406573
0.8925800257765854
0.6198087475191305
0.9674329501915708
0.0
0.9911252837531078
0.9151661251441149
0.8303559063841573
0.987269592476489
0.8512090251170711
0.8221909453436547
0.09419214783623689
0.8917140756221216
0.9243921978404737
0.09760756966155135
0.0
0.9926353861512528
0.913076702645907
0.9171394302848576
0.684027097155729
0.9675233138147907
0.925152808211279
0.9568592327213017
0.9801048784363579
0.9009149660842163
0.7622781475766517
0.9542274385870074
0.08408241699583645
0.9549386732210414
0.41519123479196074
0.9622553588070829
0.77578162096828
0.19781093858528825
0.1849557166670014
0.4826687913263891
0.3963695616489909
0.9670800564629966
0.9213960082166756
0.839650342895779
0.5692781581860675
0.977335082905881
0.9092196919125778
0.9619660319094184
0.9322646077340836
0.9719971293399572
0.8971855784597882
0.6233643661540434
0.10484004985459078
0.2249032559061031
0.5672413793103448
0.9352593624624276
0.0
0.3118625098564561
0.9596956582437526
0.9320901219219612
0.5965079601004095
0.7319207063135099
0.9529643073200242
0.9942788904325565
0.0
0.0
0.316336712888437
0.9311794212542851
0.963762724894295
0.9431573275862069
0.6752685348110408
0.866975369458128
0.7965014144446552
0.9627514634083996
0.9330554502968296
0.9572227176641565
0.4838234728789451
0.9148069072940166
0.9747937634053786
0.7685377097547483
0.2999668628120419
0.0
0.8427277131201031
0.9416227591642755
0.9958382877526754
0.939585012688461
0.7442260536398467
0.08759606551500078
0.9518310251882145
0.8899532437171245
0.4167009034522646
0.8932664515695369
0.9365461285584389
0.37309127789046653
0.9923380433149626
0.9122708206148211
0.6726339842127129
0.7481928377705208
0.718826192964124
0.6703768368980066
0.25044060087901515
0.28821439974457214
0.9240054516688587
0.8826922621163645
0.8082409087853734
0.9809985794789341
0.9665854203284164
0.864985688973695
0.4979191438763377
0.9560002417015792
0.7129858012170386
0.8134299187040144
0.0
0.9839153605015674
0.4015005519486594
0.5096637378426172
0.9604048555992797
0.9397357396068321
0.0
0.9475083774727057
0.9948866418920865
0.9650137538068573
0.7958236281009236
0.7243490323803615
0.7999771683179278
0.9909140667761357
0.8800913544600384
0.9527758115077358
0.9985137865849684
0.91025013061651
0.9940347566728551
0.4946578836382624
0.3908775708233735
0.9306715063520871
0.9380291672345645
0.96673083361232
0.8055972013993004
0.8238900923052905
0.9376454494421826
0.619327988953243
0.9889972660728459
0.9019759390081835
0.9665702718334297
0.5252573277947383
0.9232615493019773
0.8732989826925618
0.854089566994883
0.9877200071839081
0.5886976255050644
0.5186553548622514
0.8610780383409694
0.9529020693520411
0.9025405295670079
0.8581012378426172
0.5167646191986963
0.856982922616054
0.8260551191585674
0.9434377552291698
0.9347492132112536
0.9294430475734355
0.0
0.9207921827920991
0.37587584632341364
0.057884898381259195
0.9409554809615841
0.9109738933420298
0.7904882536801775
0.21870933636955106
0.9374089512020547
0.9157237946970347
0.5527246048155806
0.9629620321034817
0.3314055543485383
0.9462587761648364
0.0
0.9289867993442812
0.9949910365917959
0.9650875496831024
0.712270105111659
0.8896432954590443
0.7950479647394348
0.8247479454376007
0.9230901032999983
0.8919235562941421
0.7847979236188357
0.9953778285310331
0.9090046098446104
0.6915016685205784
0.9781236184792219
0.8892283065430534
0.9342414070519045
0.9007073386383732
0.9596560175794455
0.8147596297873011
0.0
0.9510351822060572
0.8887150635208712
0.6831526648599819
0.9988416329317661
0.1708735632183908
0.503090013434841
0.9353785680545246
0.9965981587660502
0.4779454600937665
0.9442224313204554
0.9181366047745358
0.9624759560162247
0.8543235966967972
0.9503325818930728
0.9253420908593323
0.9034181763455424
0.94911508101371
0.8243838279865042
0.887045366205786
0.9167688295477342
0.8842273138543371
0.8800960625294644
0.925881374558199
0.9930995386660412
0.49467568317808897
0.0
0.8484953102354453
0.8179197584751928
0.9614130367394512
0.9910379631612765
0.6064678721354713
0.509993575928382
0.6841060639552019
0.9124710968131095
0.8374771518350413
0.0
0.0
0.9239094045210404
0.9170388004968356
0.661227809275955
0.9729437701232462
0.92969783527193
0.828369363303392
0.9964947103912832
0.9362591431556949
0.4328895678742907
0.45780637148943193
0.9406019212615915
0.8830300354801263
0.9786878615766059
0.9770590672620966
0.8211083743842365
0.0
0.664687267213643
0.9701888186341612
0.9486117330944918
0.981689694762263
0.9022593514239444
0.9232385933185073
0.9372909420249591
0.933835835954656
0.9630755039474755
0.9790649683958624
0.899292218721678
0.994237575090006
0.0
0.24171078679618802
0.9027549192626229
0.9490093048713738
0.7644247183339024
0.7442956323235285
0.9632339235787511
0.962766091701624
0.9523272491020753
0.9905698729582577
0.9550967534849596
0.29901484734723854
0.8729471189119025
0.9440616683188884
0.908875288185633
0.7009127789046653
0.6121278017829742
0.8010762325140224
0.7831976413628984
0.9577109128833267
0.9037671486837227
0.5289834866933111
0.95167750729351
0.6763587707864281
0.8158841969389636
0.9376772652634722
0.9422933624770246
0.9149660463885704
0.8550852032835449
0.7865268056023742
0.9640913092536795
0.9601935874168179
0.9264378986405728
0.673960317138728
0.8879483312116012
0.9329717163889966
0.9468346700321622
0.9665249342541844
0.893385133091349
0.2450338933097554
0.4473552058921995
0.8806582396705618
0.9516224688638482
0.8136177295220223
0.7017814737564446
0.9402550351081113
0.8800241888549396
0.9927912875130692
0.9529406846384849
0.9825479613258464
0.6479007998775307
0.6098792708908704
0.9358527615718145
0.9452341137123745
0.9536920128631028
0.6249499854503128
0.990884623899928
0.36459842179223867
0.0
0.027019295781973266
0.8666328600405679
0.7895070558277789
0.46326143447000495
0.9524316164702459
0.14108326279014297
0.809792360933094
0.6239208236511355
0.028492041822591265
0.9598437199495687
0.9268233140067135
0.9696442101529881
0.6953894381480589
0.9241157450584847
0.9535817575083426
0.4314705627955253
0.8464781987769787
0.8973128820205282
0.6745853716740245
0.9211152691004288
0.9247311827956989
0.7696679438058749
0.9379409171075838
0.8804905239687848
0.8097736166189563
0.7608375794920409
0.9170996456658889
0.968477157630154
0.8240019775058707
0.9830592445442783
0.9330305122782789
0.3105506475412432
0.7984072701941041
0.2824402505434629
0.9643972466114027
0.8311869328493648
0.0
0.8925343153665886
0.0
0.8198922604011322
0.7467116066027136
0.9817863624578688
0.9610464049889949
0.4926900098648843
0.0
0.9642241379310345
0.9459161017781708
0.9961718293395675
0.0
0.8176152887411716
0.9503981551543977
0.9934349974020404
0.9322384348622652
0.870727723251983
0.9122475369458128
0.7328113026819923
0.0
0.8536887061056627
0.8955599930310787
0.4179907805619222
0.9523963416604725
0.9696267457669014
0.6720079194852334
0.35021943573667713
0.9684655651461967
0.5683575317604356
0.0
0.8611186980767043
0.9858674788975597
0.5613980586757357
0.7470122332171144
0.677795066144142
0.3042740124190778
0.20780384626088894
0.8868321333838575
0.9245297805642633
0.8780593336719529
0.9267365775986466
0.3129884386077989
0.6576323541317656
0.9040794148380356
0.8622235559435472
0.9942528735632183
0.7006341474985965
0.28204473261944524
0.9923793185923183
0.9204866812625433
0.9518484001242622
0.0
0.8766774076553956
0.8277576535546607
0.9247991647574026
0.8895795157976567
0.4402764502610102
0.0
0.8668898151656772
0.4511435608726249
0.9235026870552288
0.8804472309299896
0.9379665006206575
0.9800022859554415
0.6484795576895097
0.9241746744471362
0.9203857170970634
0.8224313707507949
0.9538967964136823
0.8979596326238795
0.17840623513593482
0.4536646770954146
0.9400074774956142
0.9714033857178063
0.8634481318238124
0.9627351097178684
0.8852853248560816
0.9007326846868161
0.9724662516611876
0.8716834822602355
0.9832801347139841
0.7314517608217168
0.0
0.8940705086053464
0.95430388422602
0.9390864628158708
0.9513505747126437
0.9645743534482759
0.5343029671787622
0.9615678246220118
0.972312493511478
0.7261711739051269
0.9817051376112271
0.9368320033654541
0.7907504581042812
0.9372417731739499
0.9150635208711434
0.9406928596105606
0.8850317685522177
0.7106927392499107
0.0
0.9933030438322347
0.8646664956807876
0.8993000039772502
0.9649610678531702
0.994639839789724
0.9042531214622739
0.6552537290676695
0.9433106575963719
0.9699095593269196
0.894405881474847
0.8163827877040578
0.9761579736447565
0.1631708581799326
0.9261929641239987
0.2482824679614216
0.9519141638857991
0.9820064159882699
0.9541379310344827
0.9548384214112574
0.9527777777777777
0.9283206715105042
0.9744864901538409
0.8726869993033786
0.853466814979607
0.9540919752496789
0.8107666705367855
0.7821717026989737
0.8321189528086079
0.7891612088692496
0.8499550294717569
0.9003668146987113
0.8632594417077176
0.981601988974165
0.9361965475845511
0.9754722151295673
0.9200135617558485
0.0
0.9928084449791662
0.8189847659902106
0.9185199630329905
0.8551969043887148
0.892262055732607
0.8526515988800472
0.9797341257978863
0.3035971786833856
0.8985334918747523
0.9784953653347199
0.6321343638525565
0.17086946885255277
0.9378644547396454
0.9675639774452397
0.8773969743843366
0.9391552396316462
0.7729059320914256
0.0
0.9663668165917042
0.0
0.9808227613199271
0.09475196612220206
0.9650974877746763
0.9988416329317661
0.5061746754655018
0.959347695591276
0.8311956171446987
0.9391972969559177
0.45226211636449815
0.9424549193293261
0.5174139656898278
0.7356504142853236
0.9929961397747241
0.5142874107500706
0.6509037550857066
0.697539592760181
0.5936999182772418
0.7362569886565621
0.8996168582375479
0.9693721406235936
0.6956025128498001
0.0
0.9656282654127482
0.9714359238291302
0.6708851356634608
0.7010760264822888
0.5283849358010907
0.0
0.7910182839614676
0.7080590329562174
0.5979801035154937
0.8701733557507403
0.9050953450477827
0.8993000039772502
0.9598277302451531
0.8995390428709914
0.0
0.5272885983104268
0.7218327614642377
0.6929130211013896
0.0
0.8283263671194706
0.964384420951643
0.7573921884266712
0.7339118269812462
0.15509541879777813
0.6051044408959475
0.7555820585947628
0.5014734659840328
0.0
0.9805027392845633
0.4762184623846713
0.5884496108110329
0.9252603491487339
0.9129990189781395
0.9178248767812394
0.5163775617262363
0.911637711812388
0.5539628782547502
0.202969481509823
0.9116845797880281
0.606649950265252
0.5773886978343712
0.9546073601854534
0.0
0.7535795984071846
0.7116934017168631
0.4941531206783196
0.8682131661442006
0.928878697905949
0.8742772815399529
0.9471443499029706
0.8168212112431179
0.5653638289256456
0.8807880542487377
0.9967284399037595
0.8933811969395241
0.924975607434378
0.9321120689655172
0.9469891241088316
0.5833418754356472
0.931914543105616
0.7518424783530763
0.9160254583452075
0.915491452991453
0.7663484866563258
0.7973500934261933
0.941678245126521
0.8787361557605649
0.9402917588824635
0.9678232227741617
0.8972976984154881
0.9888542599438711
0.8469943768008179
0.1039121044773956
0.712256537765273
0.6686090161830168
0.0
0.9962427876970605
0.9040832406377456
0.92119850592757
0.551324021533537
0.0
0.9728794911984567
0.5524784753713161
0.5015787014709429
0.9135092773023807
0.9462352157254706
0.8679885057471264
0.8852252103613265
0.9942528735632183
0.7089178885912099
0.25595628837317064
0.925915686471633
0.4562411776567856
0.0
0.9251435991734754
0.8671046488361235
0.777161267850923
0.9121762124635688
0.8975808220817295
0.938786717752235
0.9167805374701926
0.8838412880966072
0.9303222271684416
0.0
0.907317224801061
0.9732711123776955
0.9626814882032668
0.8270886900778416
0.9699357101110462
0.8505901067323481
0.9873738487372152
0.9274201608872983
0.9738648775159932
0.0768595041322314
0.9099400940804374
0.9629586971991757
0.745485285374554
0.722918022121015
0.898147736698661
0.9386725459109526
0.6757934952978056
0.0
0.9630033370411568
0.9506036348708763
0.9856810833822328
0.7875349443795234
0.7466363592397349
0.933032783720122
0.9268921486837226
0.9933634373289546
0.4805705150532737
0.9389078857624155
0.9825012866700978
0.9674369573057398
0.9601358411703239
0.9353025693035835
0.5738930465539124
0.9103781442612028
0.9633891057355245
0.9871645053091699
0.8838259441707718
0.8338448957339512
0.39065109440452744
0.9204764065335753
0.0
0.8626199899416177
0.8771660902071761
0.949928413194766
0.25359433638622353
0.9877745279146142
0.7781066363370039
0.8826922621163645
0.9810121595713948
0.9408757357325446
0.9152874850368768
0.9496403844861195
0.6124464922711058
0.974328053364622
0.819080844193288
0.8145249571834666
0.0
0.8906572354848217
0.7536742953163089
0.9572017304856493
0.9288800421520989
0.5616298049266428
0.9351479898447794
0.9328957680250783
0.8935646158683576
0.9183699190504998
0.7906174445970585
0.8607808644033883
0.8613106641123882
0.6330536838860263
0.6732322693142593
0.27910403772472736
0.8624697927316665
0.9204524721766101
0.9590639694357367
0.8225451156485639
0.9168676978383237
0.4903169627307558
0.9595341902119547
0.48507270461154967
0.9677239729417588
0.8105683652771454
0.8998412134139117
0.2270016420361248
0.0
0.9496073391875491
0.7115736892989806
0.6439713964689795
0.9628004179728318
0.9199092558983666
0.0
0.8709695638740029
0.0
0.897678388528508
0.7881196120689655
0.4844303000629503
0.6856450857334605
0.09805287287016727
0.5768970036606861
0.916134291293056
0.9647460037236318
0.0
0.9066285822605938
0.9178487820310028
0.8705625612220859
0.9743171892314713
0.6367256853387194
0.6243991406358677
0.864765435023446
0.9457035109279742
0.8469918335472073
0.8749169605862411
0.8380604218438726
0.9571111187401605
0.9365098029191483
0.46359814193198384
0.9517368944032657
0.9528977108084613
0.9733828167430515
0.7599932386747803
0.6777810524936961
0.0
0.4433220331244507
0.9654064691010504
0.8052906403940887
0.845511238578003
0.8727668875842453
0.9259805404315387
0.6686573943359398
0.9788904464940782
0.5166159309994927
0.01524172871800441
0.36553705905667855
0.9578253113595078
0.8851352457674296
0.9318497634481152
0.5271667259153928
0.7592264678471575
0.8378893708795921
0.9968366332297769
0.8044975912328229
0.9778074951443946
0.0
0.9810961377548774
0.9870013328582552
0.7417991491267353
0.6343772558165361
0.9913105648132872
0.8766848154869934
0.9471056327040099
0.828975875016184
0.687516911400759
0.9318764451593445
0.5120675643486667
0.5606171597745431
0.021522756766777902
0.8658116778484165
0.867756381549485
0.0
0.9647192388536735
0.914332986700599
0.9544767875802359
0.5227471503333573
0.9324008881635132
0.9753666937574984
0.8524301332784503
0.5032982998816595
0.9001034143695114
0.6606126548376298
0.0
0.7647783251231527
0.9595388450353136
0.9413121386609926
0.9491264367816092
0.8990344827586206
0.9334270749878736
0.9679559088913817
0.9866460531917277
0.957767282408505
0.3581126389447692
0.9559777478762075
0.9623713485172136
0.9686261631089217
0.849712811037696
0.9760713702554663
0.8721285973554576
0.7807623561544795
0.9571340942713157
0.4810420357324325
0.6841221132552989
0.9617848428446467
0.9282117619801521
0.8151583919115883
0.8072620649488884
0.7107999500154557
0.8832705878073621
0.8819477935857246
0.874750880608083
0.9300545805528608
0.825699523975386
0.9287452187167468
0.9089352908518907
0.9717332475953165
0.9627787199296527
0.0352238833115088
0.880842151675485
0.8680734259735804
0.9199355462455688
0.8834639498432602
0.5812537030453845
0.9424810636156576
0.3541926118978301
0.8351306165099268
0.9431401320616287
0.9104206814547542
0.7269344255075527
0.0
0.0
0.4938210608132942
0.9847617554858934
0.9211058263971462
0.794571308908877
0.8645501330084777
0.9931158287069617
0.9162077437939506
0.9239094045210404
0.9666489923406303
0.0
0.2780445220427761
0.9196553953146245
0.9669198567174485
0.9355586516506057
0.9539471466612734
0.9239502926933405
0.9337110678531702
0.9465355096746297
0.7410522938459198
0.9394681504363847
0.7947952430711052
0.6082224361120411
0.9039321453114556
0.9348502801598618
0.9941822882999354
0.4800826553015627
0.9471247793550953
0.8434219037667313
0.9825877358660263
0.5911513996549149
0.4037709585574185
0.8677764338072482
0.9008239243210253
0.8423559199421269
0.9923664569346315
0.5529961838622065
0.0
0.7640044920068702
0.8164382720920241
0.5644121713638206
0.8284119434535606
0.9739033544452264
0.36850281643966265
0.9945742146491158
0.8994659932938692
0.7655364024100318
0.899867374005305
0.0
0.5834178024262536
0.0
0.4261047254150702
0.9484199906316434
0.4740541730615214
0.8493129672787368
0.9037728116965095
0.7701346042681704
0.06382326329546598
0.0
0.9759391527908355
0.6308517261462454
0.7646579502944554
0.8044777274662333
0.8266431300478793
0.9670901391409559
0.0
0.7660363366703745
0.9536337752724972
0.9636188692983825
0.9631846002081936
0.9140214375570835
0.9298629598841104
0.0
0.8757979336399804
0.9652560083594567
0.9688739700945987
0.9285112698905802
0.1780335638632297
0.8055250969674157
0.9050145257041808
0.9774435362963679
0.0
0.9435596579888511
0.47879600758131574
0.9809626436781609
0.9226852410386698
0.7786443842108097
0.959934427732942
0.8160347686853091
0.8544887905901277
0.7728940886699507
0.9856668051516411
0.959865089145161
0.9622287295580426
0.9412540970525773
0.9655374303480578
0.978979437923393
0.8656912972085385
0.7542246420649324
0.8674364814520543
0.9812838988083455
0.0
0.9211622432660689
0.326323918144287
0.6649171190242671
0.9827222924568058
0.963595065891924
0.9334627859337657
0.0
0.9833333333333333
0.8992847020716648
0.9386408178399279
0.917781950608854
0.8599852120723264
0.982315416248892
0.9589059174116645
0.5189149930529241
0.9189262206503586
0.9822544289781715
0.8918445539135195
0.9762357113454292
0.6716144200626959
0.8198922604011322
0.9052150525878468
0.8411960686323505
0.8654231694528407
0.9264020884164548
0.9609180056166843
0.9409310788621134
0.9536545829649278
0.993448275862069
0.9657355454815696
0.9196241879060469
0.33252555000780154
0.0
0.9519166291939822
0.8831899650462331
0.4253647369863455
0.833506039398239
0.9196357665323183
0.9616079902381706
0.8752325662726446
0.889980448372305
0.9731337148835733
0.7651172265639468
0.9519265524470469
0.8474565511266459
0.7646936840857922
0.6720157237398616
0.5177565168835356
0.0
0.967707879699645
0.9821740147140827
0.8836382510419756
0.0
0.9709024275740917
0.9984948002189381
0.9205943738656988
0.9786462251078824
0.9721450962830274
0.7555675287356322
0.0
0.9703844250123742
0.3845945260054719
0.9542943468364479
0.0
0.9270184185015926
0.8320372976776917
0.8247169648258578
0.5551313244167848
0.5780268199233717
0.9483301122300207
0.7731344359168378
0.9679973368102754
0.8862750235824337
0.9325383141762452
0.7392937194768953
0.9129482877608814
0.7849307122139865
0.9163198573127229
0.9390795568437306
0.9720696436442545
0.23883287676391124
0.6014020853350415
0.9538723875593902
0.4274779407784334
0.8919359764562164
0.9886958776250973
0.8824805842330159
0.8214432419917397
0.8455305334730707
0.0
0.0
0.28297048719395684
0.8110011554514513
0.3282679415009476
0.6125906743597898
0.7626509072507771
0.9102259215219977
0.891531616988871
0.5673869123035304
0.0
0.8842553023887828
0.8715547301901161
0.8765914351851852
0.7997655401155144
0.918762677484787
0.9452472039842148
0.9436685081231994
0.4275432644823292
0.8139873057976507
0.9797641439020749
0.9527250668233778
0.5861652909066702
0.8208153678197677
0.6881725091691017
0.8768816940961337
0.9411435307987032
0.9484189260662603
0.31275973436025484
0.9207928816393387
0.6944600646677244
0.8243316912972085
0.9180377131695591
0.9907881110990896
0.9211698761704383
0.9018148820326679
0.8452451124864918
0.8701097649373511
0.8095403095403095
0.630489008278055
0.981786540039281
0.8505132643063678
0.9295036420300319
0.9112843642137998
0.9206981694338017
0.5220938415462416
0.847451367715893
0.0
0.5571510691243543
0.9159709117249004
0.8577375154230794
0.8494458128078818
0.0
0.9597414611782428
0.7254391672088484
0.9865730517335749
0.9369026013309135
0.9700522157800155
0.4974649598431692
0.9309937951378293
0.0
0.986487356321839
0.9126029905401282
0.0
0.9351085912569321
0.9768521201584082
0.7684428047554267
0.9433962264150944
0.47745689655172413
0.8160611795842373
0.9681400612435095
0.9372874302993315
0.0
0.6788067870826492
0.5393622383632052
0.5701214025664807
0.7593514665081252
0.9954073805871312
0.7344132407698388
0.8852560021359184
0.8977856252596593
0.8947425068678503
0.9028620689655172
0.5945091498895781
0.97799955455403
0.6172513834699691
0.8902681992337165
0.9820308335725122
0.6688694777279796
0.8774875840935508
0.9282560033446272
0.994566792234135
0.0
0.7221876009786271
0.9856732348111659
0.8393743469174504
0.6555684767586881
0.7621081504702194
0.8988115763546798
0.9329633000378272
0.8589719643061573
0.0
0.9179038112522686
0.8306522361872023
0.9395604395604396
0.8754641324527498
0.9112843642137998
0.7418469336760192
0.8912174659796539
0.9269091779867642
0.5115348071931776
0.9878399496953052
0.9857116896097405
0.0
0.0
0.9519876300696597
0.8631826361169237
0.1537118837275577
0.8817841423640796
0.9429092973154276
0.9553675992192583
0.9393204426421763
0.903294594791212
0.9474110906928981
0.450262384500315
0.8416325468014105
0.9514537902388369
0.0
0.906166765974567
0.9306768837803321
0.33295307233601246
0.8729181677817808
0.5927862697774202
0.673672767721711
0.0524208623068714
0.680570573264648
0.7872391447709052
0.9442562919903751
0.9346590024474849
0.9105911330049261
0.7807486419596897
0.8706089164868396
0.8837806730813499
0.9584855288585057
0.9431981737727525
0.9085180623973728
0.613024994352139
0.7266306605733278
0.6603917228821574
0.5026013309134906
0.9772586824867137
0.9657980668756531
0.9793840062612219
0.9599505418112735
0.9951861269034082
0.8899908452853219
0.2697216885203537
0.9054843466424682
0.988375219170076
0.4068839288366153
0.8953094246057105
0.6498403842282362
0.9623836560715296
0.9527777777777777
0.9631251995878699
0.9375710129171104
0.811151567073606
0.7508661564453718
0.9238332640908461
0.8994011397662514
0.4119793551500112
0.800713900862069
0.9636025408348458
0.9394954116714808
0.5729098893949252
0.8226191613334607
0.7372893985180279
0.8397934592741153
0.881622407187211
0.02928535732133933
0.0
0.0
0.9266780695703122
0.8806390382790257
0.8788081687311684
0.8730571281523417
0.8766848154869934
0.9230460030283636
0.9267347807577693
0.9047526312145132
0.867984027466786
0.7137702882671605
0.951958395802099
0.6664701547531319
0.8853906380143262
0.5586961230236084
0.9436373378238738
0.7070128903159756
0.9482733461811339
0.9470327218517537
0.9001678547745358
0.0
0.9991485738612176
0.8796379587983786
0.9130208132216087
0.8687127301011148
0.7360081581254853
0.9634551145479892
0.9091327012618935
0.9412922848920368
0.8129430561372485
0.9230901032999983
0.9077669186796976
0.6506995947702424
0.9316566206692573
0.6677449510538849
0.955983987540457
0.9697491392031481
0.8885697492163009
0.954419964272181
0.5870683457696027
0.9938399732172749
0.9251911190631099
0.9995488634011453
0.9014844670017084
0.6107844118579318
0.6890438584542395
0.9385562055281883
0.9863042882795142
0.9282378371555471
0.9164637579169599
0.9938512671375156
0.35123288414824466
0.9882825577502511
0.744602797295552
0.6866145415664261
0.6467358553732843
0.31173461166612954
0.7796972428818271
0.851478837327894
0.9771431279321402
0.939299668779999
0.9826797619901069
0.9643983901193178
0.5758818846449343
0.9907656200759649
0.9451988291568502
0.9446142220542967
0.0
0.8235193701925974
0.0
0.48665804014828284
0.9945213673470775
0.6237640695223322
0.8977914341358035
0.9994975190000628
0.8801421657592257
0.9306203109838355
0.9231926093028252
0.0
0.69097909121344
0.9507557864903164
0.0
0.673507053291536
0.8417066607484672
0.9542319749216301
0.9199576527525711
0.9429103153723081
0.9274039513013049
0.9522444041137326
0.9795378256165561
0.9473914017017465
0.30592687359510257
0.8858195411328115
0.8335321113714987
0.970739891186897
0.9588516746411483
0.9749949349649499
0.0
0.6764288378647215
0.982315416248892
0.8833691893633885
0.0
0.8864224137931035
0.7062164419520344
0.18947977310046277
0.0
0.0
0.3538579831178161
0.8021543289020852
0.9016748768472906
0.8711184716389662
0.0
0.9610680083308882
0.9241977969348659
0.9695889455043383
0.876879762366008
0.9346486289070822
0.9390062523683214
0.9569033819253362
0.8829481905556292
0.837633950846162
0.9503196481417897
0.7381078691423519
0.830715892053973
0.9426395770292288
0.7869540229885057
0.12565498627204616
0.8064378912715806
0.8583819335433278
0.907980439604759
0.8153977108084614
0.8784082745559039
0.9683037269244166
0.9344151453684922
0.9850665576302757
0.8721657408377878
0.5505141205199242
0.8578625580826608
0.8370083216011316
0.9185292599601839
0.9830321627925153
0.8329274155629401
0.9241745331751177
0.9601798490909911
0.9374743679269334
0.9924811277808071
0.9439543386201636
0.9646472503096822
0.9433303085299456
0.9690178745373076
0.6031143449681887
0.9942788904325565
0.3216516404870341
0.0
0.9882522397948895
0.9011937330303921
0.9079518430439952
0.9823517250177055
0.9314207872478855
0.8892434988179669
0.9292396798834679
0.5334270046640517
0.9760301887891006
0.8328687880038306
0.9395534033278491
0.8890959925442684
0.8907133027829364
0.8766122202056866
0.9169430680554151
0.9241957968384229
0.936767392432417
0.8543928727677683
0.8540501500055557
0.9669178016034
0.9297312918493315
0.8296972720414669
0.0
0.32217139729455
0.9109356591464594
0.9601602665205674
0.6020758039106663
0.8657733990147783
0.8116699400840315
0.9624958462206998
0.848048503220917
0.9080459770114943
0.7026470230493219
0.9398518247507546
0.9061650992685475
0.7820295304475422
0.9822222222222222
0.9632311858912844
0.7983654276757725
0.994343095328317
0.9396961332930026
0.95683318882145
0.9747971058011493
0.9518280218491337
0.9375255473259103
0.9558098630996392
0.9294899330085818
0.9558711169196743
0.0
0.6560153256704981
0.7771342323066461
0.73477280051563
0.9238067406974478
0.9517189132706374
0.9424530389313955
0.9028749186727391
0.9775143678160919
0.6955983919183589
0.9482561801291135
0.0
0.8327976129929135
0.7460977455197635
0.9056563823351482
0.8101808905380334
0.6660886510767605
0.826884236453202
0.9186757920976101
0.8502634099616858
0.9833919774806474
0.9965981587660502
0.1684777821817061
0.9830586654724586
0.9317700555023071
0.9395297805642633
0.0
0.0
0.940668547091568
0.9426193351185888
0.9860855373284232
0.8977411284722799
0.971458311092132
0.45921154395524
0.9924339584593668
0.0
0.9438858965670113
0.7146245059288537
0.9888392522148907
0.8654699548959698
0.588959943357286
0.994464231108233
0.5150744133670146
0.9870829450139795
0.9317922614719277
0.9123716622701308
0.7729846589422825
0.0
0.981159583874184
0.9263327859879584
0.9156932039983439
0.9066611719979804
0.9802627257799672
0.8994081906415213
0.8787878787878788
0.950215204444222
0.6341456398927663
0.4128164084755419
0.9403041676440691
0.006738448957339512
0.8772697433610781
0.9338494937484236
0.8771898793535357
0.8850142360012654
0.9622869796482096
0.9054936191052344
0.8816898260743818
0.9345569933479863
0.8934890699202718
0.0
0.9331896551724138
0.894552723638181
0.6391002433378835
0.8661423339015992
0.9560820139003937
0.889729249231453
0.9633923503924473
0.9614274180955577
0.8334442237752443
0.9323105155343121
0.8870349020018866
0.8171206476896358
0.9650558306930388
0.9123315923793697
0.8470700305303765
0.8383929136349256
0.6783310247624602
0.9832918013649425
0.6148706249417579
0.9615772593829021
0.9645303610820852
0.7885916324260516
0.8904908739343158
0.9805244563865253
0.5931106773657197
0.0
0.8658451981142488
0.8379450234314891
0.9508657512724417
0.8996826449412656
0.8914964258210066
0.4309392014519056
0.9585736450940213
0.25827633703809255
0.9799754756242568
0.0
0.9878610018008404
0.964067564706074
0.8944008081541849
0.5809904571523762
0.8728653484392563
0.0
0.9689615525666313
0.6384755575805394
0.676044089392254
0.9519655172413793
0.517806871965087
0.6159170878382701
0.1349576177162384
0.7908522222651272
0.9741739606652511
0.9409310788621134
0.9760188087774294
0.8867918430662831
0.04428675292302214
0.9863386413105739
0.0
0.822850499092559
0.6811664376540383
0.0
0.9247665380934428
0.9681834680745751
0.22736678535732133
0.8447063201225286
0.9128173775188481
0.8797612992913573
0.0
0.8771713073944312
0.9892039961327748
0.8232852323838081
0.0
0.3036156456346295
0.0
0.2971027262138593
0.0
0.9570564479286588
0.9237279021308059
0.9117916208685872
0.9746961748792692
0.9392337164750958
0.5965219144813558
0.8569259962049336
0.861179661619867
0.9724628549165227
0.07942269466770374
0.8882573365331986
0.8912008032817837
0.9467446346756692
0.9420822576110017
0.9836401205664348
0.010584677419354838
0.9542715003379296
0.9571869419739603
0.9446562550010826
0.9272250847756198
0.5412582291696877
0.9977251921103004
0.8711178205060296
0.9424720338914405
0.9796329108173186
0.0
0.8093936638238258
0.883085527481833
0.9598864583407531
0.9404801993534483
0.9679559088913817
0.0
0.8413734806307751
0.17800431565676836
0.6653000688595794
0.8969456481009983
0.982293809960584
0.9620431814789182
0.9551873575671536
0.8880924530950265
0.9654143668269136
0.8125267263275578
0.6925693718797167
0.8468297778642606
0.9584750893783878
0.7586314019132093
0.8847915594441585
0.9018228333866326
0.983117816091954
0.8203320561941252
0.6522601441736029
0.918190324947874
0.9222488263795932
0.7317821067821068
0.8831308777429467
0.947479778629204
0.9168676978383237
0.9682064628063327
0.5471908588478622
0.8419460408684547
0.0
0.892816319833739
0.4499728826606484
0.6494670472982687
0.8378945447910965
0.9877276062162342
0.7404667598633116
0.9065345003339309
0.904534975602206
0.34210165559422123
0.9546221876530406
0.602214345007067
0.9050662238869367
0.57538987515588
0.9791269258987527
0.9442112825166364
0.9637360970430068
0.9859129492504967
0.8227771733065506
0.8688433480370313
0.6379922714698989
0.9514805354524384
0.9898000891795482
0.8928612221587664
0.8625031802839358
0.8933124211895861
0.7452278325123153
0.9537123330226779
0.8426386526166424
0.9324796231489944
0.8216608749888622
0.6850338974784178
0.0
0.7660095708856023
0.906410435755753
0.8038409366745198
0.8748383620689655
0.61282685777335
0.5879889997336225
0.8975446101964173
0.7409898530588186
0.5768475762118941
0.9727597523319915
0.9332936338091073
0.836227175982973
0.0
0.09295408792778752
0.9486837226548016
0.8149660145888594
0.8234678027781476
0.5977456146201561
0.7911496429815396
0.9306025389204132
0.0
0.9197222655640506
0.9818877583452345
0.6316995348479606
0.8663460299738052
0.9277297721916732
0.0
0.905542083160821
0.7113631411763357
0.34668330308529943
0.878414318163659
0.674234664845795
0.8831308777429467
0.9219807463215172
0.978764367816092
0.860632853736302
0.7908145494352391
0.9764506833993668
0.9245409762651142
0.9530087897227857
0.9569236135333101
0.7238380203102333
0.8059505527745092
0.8648944877406498
0.9962328694807526
0.0
0.9897076023391813
0.7450731515251989
0.5618279968926427
0.8158831908831908
0.6119085481531079
0.47275309713564273
0.95632841259109
0.9638316113750963
0.9639690358902182
0.8848020092243342
0.9617967332123412
0.91027445460943
0.9170547057298418
0.8002117362371446
0.9267730949340145
0.9395099451621898
0.9460772178013558
0.9351846200793409
0.7406506180871828
0.7996140818479649
0.90710017108846
0.8860555946516537
0.9616193060876969
0.9554114032092864
0.9068191865605659
0.9988822773903006
0.0
0.9130720811755294
0.9418452935694315
0.8144261496789117
0.8782939851097179
0.9172301428354253
0.9429695663531871
0.9556280008729813
0.8393212917350849
0.9507309225711688
0.9271843699275506
0.754286762393879
0.7739345530111165
0.9605080982236155
0.5661965740430756
0.5573072618620267
0.8261708697889861
0.7597807775147677
0.4145262304745063
0.9170191187259937
0.787668996508005
0.9704853873731603
0.04505759344616823
0.9341550501345072
0.39499369060801937
0.3663054187192118
0.4689185784447382
0.9555651641264008
0.9692896232931301
0.7569207709953664
0.9682184313630059
0.8369902776806323
0.8773070607553366
0.8524419503876584
0.33615491995604263
0.900067365584607
0.9062957673037249
0.9433026384535005
0.9665976265114196
0.7947487949573601
0.6733420890333259
0.878912715806216
0.9976038227869171
0.3917342269304219
0.12572523262178434
0.32314323607427053
0.9625435179045093
0.0
0.8343220969325519
0.9413144931293752
0.8583097290640395
0.7103097603740502
0.8610749674707237
0.6566561813757493
0.9647121037436518
0.991242914343311
0.669958242508601
0.9242012446530877
0.9576553986538715
0.969925414651165
0.9821538398458322
0.9303512800561744
0.39887161911633545
0.3961300272295718
0.45580280467319706
0.8781812633506255
0.0
0.0
0.8912813479623825
0.8646674249359633
0.8566812362401461
0.6700002626257321
0.056402338440423874
0.5637525788387857
0.9158052001253042
0.9402767268403416
0.8827873451883125
0.835838779956427
0.0
0.9473690932311623
0.15084304442076946
0.0
0.9530481512490508
0.9412922848920368
0.8029794435043138
0.4219988461367772
0.9680947405085336
0.37184069029910816
0.5717900992685475
0.7760827793934358
0.8439749506559852
0.9541758376131083
0.7418986701655118
0.7247321555271747
0.9356862321190502
0.9568053151172039
0.9350606889078488
0.9088664919990985
0.885625501202887
0.9928669636473629
0.9205252375441474
0.326489304804271
0.8412427449641516
0.9681905914210814
0.46744562501358017
0.0
0.7953749233312195
0.6421950315164998
0.6929137765623105
0.9319086935405536
0.7763397750385389
0.4776449265311029
0.7587698198891626
0.8170141733257082
0.8741108670041711
0.9242069168416674
0.6447368421052632
0.937316783868508
0.9919455127941165
0.9809529188580389
0.9247497888951951
0.7213413878857753
0.9175279261777561
0.710127220895105
0.9926612205285722
0.962444478350795
0.9579800263802525
0.9383209010949278
0.9044131603922809
0.8310440637221173
0.5279831621191302
0.9508656841994557
0.9745552449000725
0.8523223275704152
0.948425558736245
0.9554732437702718
0.6374708024862425
0.41603596298155515
0.9901359176852464
0.9144564187398616
0.896603577910293
0.9660477453580902
0.8682145988728499
0.9376890502117362
0.9271739841654125
0.9651217968997153
0.4270374211390545
0.6014706034224577
0.857807111238648
0.6476111765636814
0.26934792501578075
0.9330842697352332
0.8793411880821664
0.819736978357668
0.911532112731513
0.9472835957326534
0.916100661790317
0.4534675246109003
0.8150943035006046
0.5942023201362282
0.9174612278060554
0.8497831020424558
0.8815104166666666
0.9229605683269476
0.6040891131138976
0.8972976984154881
0.984075902087641
0.8504973474801061
0.03829086199402809
